Name,Start,End,Open,High,Low,Close,Volume,Market Cap
Kaspa,12/16/2024,12/17/2024,0.157656223,0.15875489,0.148881982,0.148930491,294762208.9,3865610017
Kaspa,12/15/2024,12/16/2024,0.157213983,0.158953048,0.153285257,0.158010425,227522047.2,3966339948
Kaspa,12/14/2024,12/15/2024,0.162303013,0.163667773,0.154219692,0.157566623,258008364.7,4020564347
Kaspa,12/13/2024,12/14/2024,0.164150963,0.16496609,0.159105476,0.162421926,374091081.8,4100540216
Kaspa,12/12/2024,12/13/2024,0.16434136,0.173659162,0.16157153,0.163664429,445735212.6,4250262078
Kaspa,12/11/2024,12/12/2024,0.158227207,0.168984949,0.152947975,0.165167767,534906528.8,4085889177
Kaspa,12/10/2024,12/11/2024,0.163737241,0.167081737,0.15061334,0.158318885,842674662.8,4050680238
Kaspa,12/9/2024,12/10/2024,0.189310995,0.189310995,0.156707174,0.165593718,562255356.2,4497098801
Kaspa,12/8/2024,12/9/2024,0.18456301,0.188738611,0.179317302,0.188620332,627046286.6,4642024900
Kaspa,12/7/2024,12/8/2024,0.175223886,0.188025346,0.169261796,0.185577663,683609715.3,4477472944
Kaspa,12/6/2024,12/7/2024,0.159454102,0.175852688,0.159454102,0.175252859,521349474.7,4208570430
Kaspa,12/5/2024,12/6/2024,0.159392102,0.164367673,0.155392756,0.159863277,519008501,4059885461
Kaspa,12/4/2024,12/5/2024,0.160879996,0.166430776,0.158655303,0.159906386,552552407.2,4119920104
Kaspa,12/3/2024,12/4/2024,0.15918148,0.160760813,0.149274825,0.160246383,564712699,3951834185
Kaspa,12/2/2024,12/3/2024,0.17051547,0.172650345,0.154319483,0.159229221,464669012.3,4083341294
Kaspa,12/1/2024,12/2/2024,0.162615928,0.170809806,0.158419493,0.170001911,373403209.6,4150367710
Kaspa,11/30/2024,12/1/2024,0.155299412,0.166024328,0.154478601,0.162142161,317266017.1,4057853806
Kaspa,11/29/2024,11/30/2024,0.152622864,0.157047962,0.150354398,0.155385852,219179528.2,3870133491
Kaspa,11/28/2024,11/29/2024,0.153641635,0.154449473,0.149295979,0.152937876,248463862.9,3820269345
Kaspa,11/27/2024,11/28/2024,0.14934061,0.154459047,0.147334695,0.154341282,286078103.4,3803667826
Kaspa,11/26/2024,11/27/2024,0.149693291,0.153278983,0.142721356,0.150034744,336785291.7,3746975519
Kaspa,11/25/2024,11/26/2024,0.15162846,0.158313817,0.147830938,0.150433112,387999986.4,3857732765
Kaspa,11/24/2024,11/25/2024,0.155167998,0.158502195,0.145657435,0.153596924,449283631.7,3850719208
Kaspa,11/23/2024,11/24/2024,0.153911819,0.164985556,0.151829252,0.154473233,378173131.7,3973410082
Kaspa,11/22/2024,11/23/2024,0.154452534,0.154647166,0.146764093,0.154647166,348058346,3804064335
Kaspa,11/21/2024,11/22/2024,0.153370343,0.158261865,0.146815243,0.154443703,434317564,3844041673
Kaspa,11/20/2024,11/21/2024,0.160660728,0.167348027,0.150551153,0.152955641,512717972.3,4002271184
Kaspa,11/19/2024,11/20/2024,0.172580722,0.179070431,0.157424809,0.160385516,578861474.6,4290117930
Kaspa,11/18/2024,11/19/2024,0.150743027,0.175791725,0.150137625,0.171973067,462665657.5,4179910817
Kaspa,11/17/2024,11/18/2024,0.147557485,0.156769543,0.142255479,0.151557164,331298069.5,3803162244
Kaspa,11/16/2024,11/17/2024,0.138973469,0.149514406,0.137219563,0.147876736,392693664.2,3636423976
Kaspa,11/15/2024,11/16/2024,0.141411446,0.143928813,0.129028005,0.140334186,663495226.7,3364071475
Kaspa,11/14/2024,11/15/2024,0.129592354,0.152676412,0.123272541,0.141889856,461128378.7,3367583455
Kaspa,11/13/2024,11/14/2024,0.139755247,0.142552717,0.125594577,0.129078338,462344098.2,3351499531
Kaspa,11/12/2024,11/13/2024,0.153032779,0.153032779,0.134481731,0.140437736,559250281.8,3541751234
Kaspa,11/11/2024,11/12/2024,0.15380202,0.158448917,0.148992431,0.153951437,862898083.8,3816979403
Kaspa,11/10/2024,11/11/2024,0.133551212,0.162352439,0.133416484,0.153380726,761048400.5,3609884746
Kaspa,11/9/2024,11/10/2024,0.113201845,0.137049274,0.111229897,0.13532619,269800141.6,2941181139
Kaspa,11/8/2024,11/9/2024,0.116255522,0.117042748,0.108334669,0.113302247,238069001,2813121096
Kaspa,11/7/2024,11/8/2024,0.120720165,0.124859573,0.11378687,0.115581462,215995766.8,2973176689
Kaspa,11/6/2024,11/7/2024,0.112832697,0.125096829,0.112832697,0.12125242,260800411.1,2965576929
Kaspa,11/5/2024,11/6/2024,0.105619832,0.115198678,0.105619832,0.112684682,167215364.9,2709644542
Kaspa,11/4/2024,11/5/2024,0.109728281,0.112240613,0.103179066,0.105302094,141213483.9,2690982643
Kaspa,11/3/2024,11/4/2024,0.114825108,0.115105804,0.107685871,0.109987047,146220395.2,2756819892
Kaspa,11/2/2024,11/3/2024,0.118559133,0.119023199,0.113133986,0.114775719,204544566.6,2888721925
Kaspa,11/1/2024,11/2/2024,0.116400805,0.122310999,0.115040992,0.118324233,361607487.5,2939718515
Kaspa,10/31/2024,11/1/2024,0.115769735,0.119479002,0.113811216,0.115899916,324095031.1,2893245832
Kaspa,10/30/2024,10/31/2024,0.114199336,0.115565417,0.107033949,0.113850413,316213813.4,2776079140
Kaspa,10/29/2024,10/30/2024,0.120785991,0.123555543,0.110739951,0.114240475,179457490.2,2927789649
Kaspa,10/28/2024,10/29/2024,0.123667014,0.123949635,0.11804429,0.120660126,136380865.3,3014839003
Kaspa,10/27/2024,10/28/2024,0.119536048,0.126670019,0.117986113,0.123259491,174331853.1,3025609498
Kaspa,10/26/2024,10/27/2024,0.113058268,0.121615694,0.112582639,0.119359749,402153255,2921688574
Kaspa,10/25/2024,10/26/2024,0.131507716,0.132954632,0.105342175,0.114268559,146286400.1,3210373148
Kaspa,10/24/2024,10/25/2024,0.132576438,0.135603214,0.130971965,0.131370768,135496871.8,3291069562
Kaspa,10/23/2024,10/24/2024,0.137792641,0.137983079,0.13018726,0.132929924,170012468.4,3314854963
Kaspa,10/22/2024,10/23/2024,0.131964834,0.139582366,0.130260926,0.137656631,180065758.6,3376188439
Kaspa,10/21/2024,10/22/2024,0.134995123,0.137410837,0.12948811,0.131831781,139931403,3302406733
Kaspa,10/20/2024,10/21/2024,0.131664278,0.135762652,0.128820627,0.135305334,124278156,3281204525
Kaspa,10/19/2024,10/20/2024,0.132634067,0.134772465,0.129822952,0.131783656,155583718.5,3269346816
Kaspa,10/18/2024,10/19/2024,0.127806709,0.133979613,0.126746802,0.132220235,218238295.2,3209635658
Kaspa,10/17/2024,10/18/2024,0.133472281,0.133931316,0.122611668,0.127579748,191148753.8,3173101345
Kaspa,10/16/2024,10/17/2024,0.136544308,0.136550334,0.132333091,0.133395827,130691608.7,3346468484
Kaspa,10/15/2024,10/16/2024,0.139987451,0.140255124,0.133949648,0.136461924,148747262.3,3397755862
Kaspa,10/14/2024,10/15/2024,0.135528827,0.142779317,0.134032609,0.139948255,123832259.7,3444812585
Kaspa,10/13/2024,10/14/2024,0.135199922,0.137423655,0.131997104,0.135342638,127625061,3352379161
Kaspa,10/12/2024,10/13/2024,0.139689376,0.143600296,0.134503665,0.134875743,139944933.1,3451199095
Kaspa,10/11/2024,10/12/2024,0.13425034,0.140901662,0.131938288,0.13909549,139633557,3372185170
Kaspa,10/10/2024,10/11/2024,0.134869438,0.136767484,0.128926573,0.134187787,143040702.2,3315114468
Kaspa,10/9/2024,10/10/2024,0.142730163,0.142730163,0.132239432,0.134345664,163809467.1,3387896891
Kaspa,10/8/2024,10/9/2024,0.1378539,0.145334136,0.13375428,0.14191676,200169730.2,3469311707
Kaspa,10/7/2024,10/8/2024,0.144976055,0.149766263,0.137752268,0.137752268,163825973.9,3605478084
Kaspa,10/6/2024,10/7/2024,0.150364891,0.152021311,0.145186792,0.145186792,129783180.2,3717835574
Kaspa,10/5/2024,10/6/2024,0.150538475,0.153145357,0.148409892,0.15076483,134891355.6,3747430031
Kaspa,10/4/2024,10/5/2024,0.14884031,0.1526036,0.148099407,0.150398052,131212325.9,3741025137
Kaspa,10/3/2024,10/4/2024,0.144547138,0.148614713,0.143204222,0.148511115,141195626.2,3635955597
Kaspa,10/2/2024,10/3/2024,0.150358498,0.154831556,0.143775885,0.144903599,225502403.9,3705950158
Kaspa,10/1/2024,10/2/2024,0.160486928,0.164268096,0.145925129,0.150685042,159727587.7,3930080792
Kaspa,9/30/2024,10/1/2024,0.164871927,0.166307668,0.159477493,0.160477842,131904211.5,4045641685
Kaspa,9/29/2024,9/30/2024,0.168799901,0.168799901,0.164355275,0.165402407,137553646.4,4123815200
Kaspa,9/28/2024,9/29/2024,0.173406261,0.175154357,0.167760609,0.169315655,203334151.8,4229291905
Kaspa,9/27/2024,9/28/2024,0.166185264,0.176485134,0.166077485,0.173303084,177188574.9,4213286770
Kaspa,9/26/2024,9/27/2024,0.163374646,0.167836393,0.162277061,0.165756192,143564696.1,4083759834
Kaspa,9/25/2024,9/26/2024,0.166824305,0.169581059,0.162024315,0.163351162,166790520.4,4092555030
Kaspa,9/24/2024,9/25/2024,0.165975741,0.16736836,0.161634346,0.166725851,129988808.1,4075249645
Kaspa,9/23/2024,9/24/2024,0.166291282,0.169414453,0.165219494,0.166247087,144378181.1,4135818698
Kaspa,9/22/2024,9/23/2024,0.173511953,0.173704334,0.163673064,0.166326424,125287892.5,4171440157
Kaspa,9/21/2024,9/22/2024,0.17140747,0.173671354,0.170081329,0.173656132,120478053.5,4255931406
Kaspa,9/20/2024,9/21/2024,0.172429429,0.174097421,0.168918927,0.171665302,184994385.5,4237549282
Kaspa,9/19/2024,9/20/2024,0.175377266,0.178586626,0.172133248,0.172441443,178132250.5,4324700796
Kaspa,9/18/2024,9/19/2024,0.172468762,0.174960222,0.167987602,0.17454029,138697183.9,4245945770
Kaspa,9/17/2024,9/18/2024,0.168701019,0.176237495,0.167496794,0.172636896,140459972.1,4264893547
Kaspa,9/16/2024,9/17/2024,0.17128832,0.17456999,0.165857,0.168953406,190304615.5,4185574068
Kaspa,9/15/2024,9/16/2024,0.179871511,0.181860189,0.170424176,0.171734012,191615095.3,4370624955
Kaspa,9/14/2024,9/15/2024,0.173446214,0.179861132,0.171602779,0.179263789,140525931.2,4298369421
Kaspa,9/13/2024,9/14/2024,0.168649173,0.173583342,0.16527673,0.173470713,125834643.9,4180958826
Kaspa,9/12/2024,9/13/2024,0.169388539,0.171964139,0.168060861,0.168843794,143168376.5,4195338985
Kaspa,9/11/2024,9/12/2024,0.16762108,0.169637891,0.162278153,0.168586712,150799062.2,4098145160
Kaspa,9/10/2024,9/11/2024,0.161426294,0.168172686,0.160007449,0.16770099,155181947.7,4064241928
Kaspa,9/9/2024,9/10/2024,0.153141704,0.163443392,0.151725116,0.161879466,128885091.2,3852609201
Kaspa,9/8/2024,9/9/2024,0.149754727,0.154222181,0.148766631,0.152703591,119125619.1,3743598935
Kaspa,9/7/2024,9/8/2024,0.146711467,0.154025821,0.146711467,0.149935422,150373300.4,3693477375
Kaspa,9/6/2024,9/7/2024,0.148378077,0.150493346,0.14183972,0.146592928,157444402.9,3611496440
Kaspa,9/5/2024,9/6/2024,0.156922355,0.157665824,0.146907266,0.148277382,142364770.8,3735189149
Kaspa,9/4/2024,9/5/2024,0.157370038,0.158419214,0.150209776,0.156910368,155334468.6,3800801224
Kaspa,9/3/2024,9/4/2024,0.163110776,0.164104484,0.157293564,0.157293564,108174697.3,3955083667
Kaspa,9/2/2024,9/3/2024,0.159757691,0.163528352,0.159033134,0.163221365,119259251.2,3965922466
Kaspa,9/1/2024,9/2/2024,0.165386766,0.166051998,0.15966583,0.15966583,115425861.4,3995484629
Kaspa,8/31/2024,9/1/2024,0.167479238,0.169502949,0.164920569,0.165282018,159773112.1,4095356345
Kaspa,8/30/2024,8/31/2024,0.166625592,0.170913923,0.163328071,0.167322397,148669673.3,3972333368
Kaspa,8/29/2024,8/30/2024,0.163787861,0.169716585,0.163258377,0.166749093,155515235.5,3947718926
Kaspa,8/28/2024,8/29/2024,0.161859484,0.164450741,0.15936849,0.163716163,207303670.5,3856022558
Kaspa,8/27/2024,8/28/2024,0.168863852,0.171507364,0.160275716,0.162814746,147800427.1,4012763804
Kaspa,8/26/2024,8/27/2024,0.172133033,0.172796097,0.168626143,0.169109631,153930959.9,4058651181
Kaspa,8/25/2024,8/26/2024,0.174462889,0.174823065,0.168308092,0.171775933,218515944.1,4079222645
Kaspa,8/24/2024,8/25/2024,0.169105608,0.179124308,0.167227959,0.174677062,217982872.6,4105910465
Kaspa,8/23/2024,8/24/2024,0.161545486,0.171061039,0.161326276,0.168310549,167355799.9,3916848389
Kaspa,8/22/2024,8/23/2024,0.160455078,0.163022511,0.158753268,0.161155286,215129723.2,3818591629
Kaspa,8/21/2024,8/22/2024,0.162357251,0.165214233,0.159420093,0.16095278,164439371.1,3846574204
Kaspa,8/20/2024,8/21/2024,0.167017869,0.168176293,0.161227311,0.16246798,232434669.8,3912904481
Kaspa,8/19/2024,8/20/2024,0.163076678,0.167919791,0.157113266,0.167919791,200574529.3,3848255162
Kaspa,8/18/2024,8/19/2024,0.166759465,0.16908828,0.164202438,0.164202438,153106730.6,3972161854
Kaspa,8/17/2024,8/18/2024,0.168752055,0.170463413,0.166168979,0.166870801,174696913,4005785666
Kaspa,8/16/2024,8/17/2024,0.166231635,0.169858277,0.164014804,0.168573513,215552130.3,3971912483
Kaspa,8/15/2024,8/16/2024,0.1674378,0.170073992,0.163392021,0.166399566,196615935.7,3979077323
Kaspa,8/14/2024,8/15/2024,0.17033556,0.174264109,0.166206082,0.16752078,215323339.3,4035152782
Kaspa,8/13/2024,8/14/2024,0.163203085,0.171653514,0.161037903,0.170488447,236798736.9,3944834496
Kaspa,8/12/2024,8/13/2024,0.160709568,0.164116524,0.157601573,0.163333766,246467688.3,3839891417
Kaspa,8/11/2024,8/12/2024,0.168127481,0.171818197,0.156318515,0.160344126,150624707.3,3944734969
Kaspa,8/10/2024,8/11/2024,0.168759963,0.170309157,0.166415113,0.168280158,162946580.2,3986101131
Kaspa,8/9/2024,8/10/2024,0.170810096,0.171669861,0.16360188,0.169191924,290529996.6,3979138405
Kaspa,8/8/2024,8/9/2024,0.154790957,0.17306054,0.151690133,0.171956764,348739315.7,3883987388
Kaspa,8/7/2024,8/8/2024,0.161640996,0.168151428,0.150104094,0.153567531,374495321.6,3813640296
Kaspa,8/6/2024,8/7/2024,0.155425273,0.173994918,0.155425273,0.161673643,832657094.6,3929862558
Kaspa,8/5/2024,8/6/2024,0.16919052,0.16919052,0.127055052,0.155779085,878137099.8,3578636548
Kaspa,8/4/2024,8/5/2024,0.180468883,0.185319727,0.166743348,0.168919201,318962366.7,4222960707
Kaspa,8/3/2024,8/4/2024,0.188227551,0.192061261,0.172527718,0.180256776,356756554.6,4416304995
Kaspa,8/2/2024,8/3/2024,0.203276109,0.204792051,0.184857448,0.187692624,460621273.4,4601698540
Kaspa,8/1/2024,8/2/2024,0.207841015,0.208891875,0.195263558,0.203598205,530101581.1,4839952561
Kaspa,7/31/2024,8/1/2024,0.197807717,0.208652384,0.196634069,0.206488588,412792896.7,4826421250
Kaspa,7/30/2024,7/31/2024,0.194941425,0.199201301,0.190789914,0.197330866,260677476.4,4621906855
Kaspa,7/29/2024,7/30/2024,0.190462589,0.196451282,0.1874572,0.195026688,158512598,4565102602
Kaspa,7/28/2024,7/29/2024,0.190140121,0.190523811,0.185017506,0.189863869,256521487.7,4471709580
Kaspa,7/27/2024,7/28/2024,0.183801889,0.19717294,0.182918447,0.190633951,228414386.5,4491856280
Kaspa,7/26/2024,7/27/2024,0.178019731,0.183749272,0.177607789,0.183744943,140622579.7,4310477534
Kaspa,7/25/2024,7/26/2024,0.180701768,0.180701768,0.175469063,0.177847141,164607807.7,4211920187
Kaspa,7/24/2024,7/25/2024,0.181822999,0.18305875,0.178644615,0.180345143,290418897.6,4295712973
Kaspa,7/23/2024,7/24/2024,0.178462683,0.182354201,0.174115194,0.182006587,330242766.5,4229101377
Kaspa,7/22/2024,7/23/2024,0.181848873,0.182551242,0.175255042,0.178105179,347431733,4240732482
Kaspa,7/21/2024,7/22/2024,0.183733202,0.186619421,0.17644862,0.182087965,317186489.6,4349465751
Kaspa,7/20/2024,7/21/2024,0.183275187,0.185268588,0.181240103,0.183848417,315733512.8,4362755962
Kaspa,7/19/2024,7/20/2024,0.181434108,0.185622451,0.179025338,0.18364503,305055097.9,4322686121
Kaspa,7/18/2024,7/19/2024,0.178534933,0.182770111,0.177669063,0.181274152,317043055.5,4290632362
Kaspa,7/17/2024,7/18/2024,0.182053453,0.18378732,0.176981362,0.178613766,341047585.5,4294405091
Kaspa,7/16/2024,7/17/2024,0.185017893,0.185396076,0.176589388,0.182270187,371062474.2,4309465156
Kaspa,7/15/2024,7/16/2024,0.173552347,0.184691684,0.173070346,0.184532731,379577660.3,4299467836
Kaspa,7/14/2024,7/15/2024,0.171007795,0.17574153,0.169769264,0.173773136,301757307.2,4097406155
Kaspa,7/13/2024,7/14/2024,0.170829257,0.171972953,0.168806981,0.170451417,298953731,4041211672
Kaspa,7/12/2024,7/13/2024,0.168629164,0.171347682,0.164597108,0.171347682,330800371,4010609633
Kaspa,7/11/2024,7/12/2024,0.17260758,0.17449338,0.168501634,0.168843711,322202495.7,4078313340
Kaspa,7/10/2024,7/11/2024,0.172366227,0.175983697,0.169483694,0.172345632,345102594.6,4097680964
Kaspa,7/9/2024,7/10/2024,0.168830076,0.175138405,0.166632099,0.173284629,387637903.4,4079768685
Kaspa,7/8/2024,7/9/2024,0.16118808,0.169963844,0.156744855,0.169172489,394283165.2,3902122934
Kaspa,7/7/2024,7/8/2024,0.17056945,0.173202466,0.161501331,0.161501331,369739202.9,3989102564
Kaspa,7/6/2024,7/7/2024,0.163330718,0.177311045,0.161968968,0.171163276,416421749.7,4057443699
Kaspa,7/5/2024,7/6/2024,0.166481401,0.168070386,0.148530573,0.164310176,495939876.6,3804131461
Kaspa,7/4/2024,7/5/2024,0.175819407,0.177539487,0.16203222,0.16857586,403567998.5,4054626876
Kaspa,7/3/2024,7/4/2024,0.180329388,0.1811744,0.171222744,0.176325312,376670950.2,4183385292
Kaspa,7/2/2024,7/3/2024,0.181958227,0.188969966,0.178510818,0.180027977,407949359.9,4363712918
Kaspa,7/1/2024,7/2/2024,0.192675827,0.196201431,0.17989305,0.181643003,665136575.9,4382337998
Kaspa,6/30/2024,7/1/2024,0.195205472,0.200026978,0.180068786,0.192825842,599202705,4558551920
Kaspa,6/29/2024,6/30/2024,0.181988399,0.195487561,0.179204007,0.193478979,368921358.5,4370465083
Kaspa,6/28/2024,6/29/2024,0.184216114,0.187607654,0.179616198,0.181482268,427259597.8,4330234138
Kaspa,6/27/2024,6/28/2024,0.180308953,0.185267625,0.174090503,0.1842681,523050412.1,4289805566
Kaspa,6/26/2024,6/27/2024,0.164605255,0.179896473,0.161698678,0.179109572,327898365.2,3965663129
Kaspa,6/25/2024,6/26/2024,0.157665024,0.165166714,0.155795084,0.164905003,337802557,3795271969
Kaspa,6/24/2024,6/25/2024,0.155168616,0.159010591,0.147090762,0.157002685,336178662.9,3631960544
Kaspa,6/23/2024,6/24/2024,0.156210782,0.162113049,0.154230139,0.155308945,305973966.9,3758596061
Kaspa,6/22/2024,6/23/2024,0.148396946,0.157287352,0.14735492,0.156253154,292601888.5,3607617643
Kaspa,6/21/2024,6/22/2024,0.149194313,0.15032342,0.14507974,0.148379041,308425571.9,3512438472
Kaspa,6/20/2024,6/21/2024,0.145778445,0.153689209,0.144628359,0.14887873,307627509.2,3542770560
Kaspa,6/19/2024,6/20/2024,0.145410639,0.151697438,0.143544169,0.146618956,349786886.6,3504790631
Kaspa,6/18/2024,6/19/2024,0.155190781,0.155190781,0.139905915,0.145772914,408012817.8,3468906376
Kaspa,6/17/2024,6/18/2024,0.16394942,0.164963168,0.15294914,0.155472712,331694699,3758760100
Kaspa,6/16/2024,6/17/2024,0.15599424,0.16383703,0.153060442,0.162718683,343933230.7,3738818185
Kaspa,6/15/2024,6/16/2024,0.16655443,0.169359392,0.153280333,0.15605861,349762896.8,3860249019
Kaspa,6/14/2024,6/15/2024,0.170294222,0.171940318,0.16159545,0.165484984,334474682,3974850096
Kaspa,6/13/2024,6/14/2024,0.173034484,0.176077404,0.165030508,0.169306425,405890160,4072754126
Kaspa,6/12/2024,6/13/2024,0.166397461,0.18276527,0.163597607,0.172943215,393734432.3,4073572639
Kaspa,6/11/2024,6/12/2024,0.165265382,0.168609993,0.157776955,0.166358989,362330945.7,3864013235
Kaspa,6/10/2024,6/11/2024,0.172343805,0.172401827,0.163213386,0.164729311,361206398.5,3976715350
Kaspa,6/9/2024,6/10/2024,0.158479142,0.172051848,0.158243064,0.171532696,347857863.2,3899930863
Kaspa,6/8/2024,6/9/2024,0.166173725,0.17202665,0.158692337,0.15918931,418713059.5,3935589905
Kaspa,6/7/2024,6/8/2024,0.17503924,0.180301621,0.155158082,0.165087765,393996099.9,4125194408
Kaspa,6/6/2024,6/7/2024,0.18084059,0.185857408,0.174155952,0.174674276,452160616.9,4306975005
Kaspa,6/5/2024,6/6/2024,0.183063435,0.194336922,0.17711046,0.18040738,540996760.4,4368711325
Kaspa,6/4/2024,6/5/2024,0.173102797,0.182870169,0.168297317,0.18251862,667432604,4220301622
Kaspa,6/3/2024,6/4/2024,0.150688573,0.178829668,0.147401269,0.17113916,371112070.9,3728471802
Kaspa,6/2/2024,6/3/2024,0.141154651,0.150999976,0.141154651,0.150590183,267984037.4,3409301697
Kaspa,6/1/2024,6/2/2024,0.140935798,0.142250884,0.14060964,0.141323117,265410885.3,3355561665
Kaspa,5/31/2024,6/1/2024,0.141914623,0.142610148,0.138669185,0.140954195,281418457.2,3352293432
Kaspa,5/30/2024,5/31/2024,0.14060489,0.143710724,0.136187343,0.141616003,175104545.4,3356802657
Kaspa,5/29/2024,5/30/2024,0.141766112,0.143511786,0.139614805,0.140193443,118788247.8,3361819047
Kaspa,5/28/2024,5/29/2024,0.145670743,0.14611236,0.14061682,0.141841382,121999621.9,3385889297
Kaspa,5/27/2024,5/28/2024,0.141065009,0.146001626,0.13943126,0.145483432,116539373.7,3391748171
Kaspa,5/26/2024,5/27/2024,0.14366624,0.144580503,0.139410468,0.141351647,126901420.3,3375611610
Kaspa,5/25/2024,5/26/2024,0.134670179,0.143536439,0.133388722,0.14350214,108733544.8,3248627406
Kaspa,5/24/2024,5/25/2024,0.135596753,0.136778603,0.131468324,0.134521993,142452768.9,3180154392
Kaspa,5/23/2024,5/24/2024,0.139054732,0.144235456,0.132482837,0.136180826,166098303.7,3318133623
Kaspa,5/22/2024,5/23/2024,0.135220127,0.143849346,0.132749927,0.138815615,163771146.8,3269692336
Kaspa,5/21/2024,5/22/2024,0.131221153,0.137437317,0.129156654,0.135504112,148628493.1,3159443175
Kaspa,5/20/2024,5/21/2024,0.124939942,0.132431967,0.12399724,0.131480549,104053183.4,3004538225
Kaspa,5/19/2024,5/20/2024,0.127152226,0.127504524,0.124286684,0.125007779,107500464.5,2985518075
Kaspa,5/18/2024,5/19/2024,0.12474652,0.127158197,0.123996628,0.127158197,108769186.4,2966099425
Kaspa,5/17/2024,5/18/2024,0.123165632,0.127290327,0.122790031,0.124795683,107459230.9,2943680983
Kaspa,5/16/2024,5/17/2024,0.124418073,0.126365811,0.120451333,0.122874651,120847118.3,2914465973
Kaspa,5/15/2024,5/16/2024,0.115585658,0.125438206,0.114993246,0.124188582,116520975.7,2826164367
Kaspa,5/14/2024,5/15/2024,0.118540566,0.119523946,0.114830279,0.115255366,125928882.4,2767901195
Kaspa,5/13/2024,5/14/2024,0.125707294,0.126023503,0.116600728,0.119269649,153057801.1,2841491292
Kaspa,5/12/2024,5/13/2024,0.124283154,0.127618542,0.122750064,0.125168534,145936724.2,2957676535
Kaspa,5/11/2024,5/12/2024,0.125997853,0.130549916,0.12377478,0.124239353,165407701.4,2998417777
Kaspa,5/10/2024,5/11/2024,0.125736808,0.134620016,0.122569094,0.125500504,182233405.6,3039069058
Kaspa,5/9/2024,5/10/2024,0.120626262,0.126509132,0.120590268,0.125889446,226509911.1,2928635000
Kaspa,5/8/2024,5/9/2024,0.114179086,0.125913239,0.112062285,0.120279836,139766493.1,2750454416
Kaspa,5/7/2024,5/8/2024,0.11255348,0.117734793,0.111829009,0.114479569,114539170.3,2701324964
Kaspa,5/6/2024,5/7/2024,0.110638236,0.115553344,0.109639945,0.112404552,115002369,2645590055
Kaspa,5/5/2024,5/6/2024,0.112907397,0.113071349,0.109659769,0.110526858,116877078.6,2605553392
Kaspa,5/4/2024,5/5/2024,0.113876235,0.115820461,0.11128765,0.113026276,122942060.5,2664376098
Kaspa,5/3/2024,5/4/2024,0.108976399,0.114549211,0.106083299,0.114013836,104269378.1,2576083968
Kaspa,5/2/2024,5/3/2024,0.11092187,0.11092187,0.107767065,0.109326896,114758510.5,2575330887
Kaspa,5/1/2024,5/2/2024,0.111720615,0.113297022,0.103391011,0.110725292,130703618.5,2554468035
Kaspa,4/30/2024,5/1/2024,0.115091279,0.116469397,0.107235777,0.11193271,120416184.9,2633065717
Kaspa,4/29/2024,4/30/2024,0.119052183,0.120732213,0.111789833,0.115101417,169039180.1,2702458738
Kaspa,4/28/2024,4/29/2024,0.110207761,0.124142036,0.110207761,0.118096031,163319302.9,2719005779
Kaspa,4/27/2024,4/28/2024,0.121417424,0.121417424,0.110255836,0.110704399,130865277,2692999070
Kaspa,4/26/2024,4/27/2024,0.120855606,0.122788735,0.118551379,0.121174719,111864555.9,2836834935
Kaspa,4/25/2024,4/26/2024,0.12576592,0.126282344,0.117376415,0.120425688,169138954.1,2832182942
Kaspa,4/24/2024,4/25/2024,0.131281179,0.132255621,0.1235477,0.125128458,135711772.6,3027412843
Kaspa,4/23/2024,4/24/2024,0.128853379,0.134281515,0.126299621,0.131221258,150421256.5,3046168710
Kaspa,4/22/2024,4/23/2024,0.118900972,0.132217163,0.117651268,0.128909454,115070076.8,2885000195
Kaspa,4/21/2024,4/22/2024,0.121083955,0.123530028,0.116739178,0.118847212,113769624.2,2803802680
Kaspa,4/20/2024,4/21/2024,0.115128508,0.123063765,0.11373733,0.121181314,125543662,2774699818
Kaspa,4/19/2024,4/20/2024,0.12116233,0.121371359,0.112610048,0.115370869,187096906.5,2742092559
Kaspa,4/18/2024,4/19/2024,0.121174805,0.122404007,0.115557691,0.121063493,149404652.3,2799219412
Kaspa,4/17/2024,4/18/2024,0.119393724,0.123917712,0.11525143,0.120647604,131638738.2,2789927678
Kaspa,4/16/2024,4/17/2024,0.121613877,0.123325667,0.111690745,0.119069039,162430637,2755905436
Kaspa,4/15/2024,4/16/2024,0.124077248,0.135104425,0.116658961,0.122361742,168121452.2,2922633648
Kaspa,4/14/2024,4/15/2024,0.120200149,0.128223723,0.11319977,0.124108185,277985336.5,2809553378
Kaspa,4/13/2024,4/14/2024,0.129159878,0.131234036,0.104444115,0.120273431,265246079.7,2908759911
Kaspa,4/12/2024,4/13/2024,0.147187953,0.150591706,0.107303976,0.129967601,162917138.1,3277256597
Kaspa,4/11/2024,4/12/2024,0.144205574,0.147827353,0.141822827,0.147800962,140957023.1,3361617531
Kaspa,4/10/2024,4/11/2024,0.137789907,0.145897876,0.134013834,0.144259738,129542037.1,3247772665
Kaspa,4/9/2024,4/10/2024,0.146182206,0.149568507,0.136884796,0.138179159,132847782.2,3312791772
Kaspa,4/8/2024,4/9/2024,0.141850104,0.149545696,0.139372523,0.145884194,120872896.7,3366980445
Kaspa,4/7/2024,4/8/2024,0.143282866,0.144297677,0.140188322,0.142397264,155210953.4,3307294010
Kaspa,4/6/2024,4/7/2024,0.131585604,0.147602327,0.131383411,0.143303242,110954920.3,3163449424
Kaspa,4/5/2024,4/6/2024,0.131969265,0.136255785,0.127865196,0.132088493,121868508.7,3054052905
Kaspa,4/4/2024,4/5/2024,0.128698299,0.134480248,0.127128492,0.131713531,107971756.2,3034320461
Kaspa,4/3/2024,4/4/2024,0.129361928,0.13377706,0.126144579,0.129382493,138064162.8,3016228454
Kaspa,4/2/2024,4/3/2024,0.133986875,0.134146481,0.1229618,0.12924643,156253374.3,2988876701
Kaspa,4/1/2024,4/2/2024,0.140627816,0.142292862,0.131293234,0.133922557,138543103.3,3134104653
Kaspa,3/31/2024,4/1/2024,0.132625974,0.139483897,0.132625974,0.139483897,99399893.86,3122840446
Kaspa,3/30/2024,3/31/2024,0.137754069,0.138938995,0.131731673,0.132835764,125596150.3,3135640028
Kaspa,3/29/2024,3/30/2024,0.139762349,0.141434487,0.134640192,0.137632763,127080384.3,3187170191
Kaspa,3/28/2024,3/29/2024,0.132997231,0.140434234,0.13244086,0.139583347,174950977.8,3147284592
Kaspa,3/27/2024,3/28/2024,0.135735411,0.139152922,0.130473603,0.132992458,246432032.4,3126315786
Kaspa,3/26/2024,3/27/2024,0.14571177,0.14963899,0.136494621,0.136651515,146541406.3,3340944061
Kaspa,3/25/2024,3/26/2024,0.147799785,0.152082552,0.145206426,0.145622073,142244713.2,3427243074
Kaspa,3/24/2024,3/25/2024,0.139370621,0.149086114,0.139370621,0.147996314,126211059.2,3285292762
Kaspa,3/23/2024,3/24/2024,0.145915234,0.146080517,0.138629632,0.138629632,182764820.4,3267904029
Kaspa,3/22/2024,3/23/2024,0.148215614,0.157515086,0.142983593,0.145968521,304528703.9,3468634311
Kaspa,3/21/2024,3/22/2024,0.133138745,0.154332934,0.132985026,0.14770837,270158619.2,3335537833
Kaspa,3/20/2024,3/21/2024,0.118503529,0.134816797,0.117078212,0.133594983,216036429.2,2880589393
Kaspa,3/19/2024,3/20/2024,0.132322615,0.133465678,0.116331134,0.118930881,200751931.1,2885119583
Kaspa,3/18/2024,3/19/2024,0.139162839,0.139162839,0.128398632,0.132205066,146942386.3,3067829253
Kaspa,3/17/2024,3/18/2024,0.130182652,0.142831132,0.125959097,0.139507641,175507926.7,3076401051
Kaspa,3/16/2024,3/17/2024,0.140910916,0.144419776,0.127058704,0.129326059,207759365.1,3156621826
Kaspa,3/15/2024,3/16/2024,0.146928753,0.147420489,0.125848979,0.140106182,307125055.7,3155232767
Kaspa,3/14/2024,3/15/2024,0.148008458,0.149395751,0.139854644,0.146475668,193644693.4,3358286763
Kaspa,3/13/2024,3/14/2024,0.149212932,0.151221215,0.144384942,0.148039528,217737430.8,3402391383
Kaspa,3/12/2024,3/13/2024,0.155106027,0.159156396,0.144373922,0.149400712,234028997.1,3501409033
Kaspa,3/11/2024,3/12/2024,0.149206952,0.158862671,0.144290429,0.154261296,217965915.5,3472452311
Kaspa,3/10/2024,3/11/2024,0.148099787,0.152783638,0.144716057,0.148204778,205614504.4,3429704326
Kaspa,3/9/2024,3/10/2024,0.150204971,0.151171597,0.142551191,0.148194634,217159644.1,3397967614
Kaspa,3/8/2024,3/9/2024,0.160581235,0.163198147,0.148277277,0.150080376,245795383.1,3524186357
Kaspa,3/7/2024,3/8/2024,0.150147812,0.164632618,0.146832235,0.160612356,233695838.4,3575279714
Kaspa,3/6/2024,3/7/2024,0.152613857,0.157014732,0.145861656,0.149624512,337384028.4,3463759424
Kaspa,3/5/2024,3/6/2024,0.161727853,0.167765771,0.134201907,0.15279384,233413320.7,3663003196
Kaspa,3/4/2024,3/5/2024,0.166930914,0.171549261,0.156174183,0.16152631,188641535.4,3758556847
Kaspa,3/3/2024,3/4/2024,0.170353089,0.170353089,0.162511362,0.167246092,157352926.2,3833606094
Kaspa,3/2/2024,3/3/2024,0.173776081,0.174443085,0.166850597,0.170736844,146261136.8,3910225368
Kaspa,3/1/2024,3/2/2024,0.171921461,0.176250341,0.17060651,0.173711083,176680774.8,3954122229
Kaspa,2/29/2024,3/1/2024,0.173682243,0.182940909,0.169394538,0.171611529,329829621.9,4004685919
Kaspa,2/28/2024,2/29/2024,0.16909788,0.185481831,0.155092497,0.175288201,205651258.8,3956051742
Kaspa,2/27/2024,2/28/2024,0.170967154,0.174735312,0.166732243,0.169121303,166389088.9,3889499661
Kaspa,2/26/2024,2/27/2024,0.170476828,0.171777884,0.160591154,0.1703743,140941936.1,3812874551
Kaspa,2/25/2024,2/26/2024,0.170090325,0.175139191,0.169462634,0.171082724,120898953.2,3918440812
Kaspa,2/24/2024,2/25/2024,0.161099222,0.171080306,0.159242779,0.170117312,133069793.4,3767107345
Kaspa,2/23/2024,2/24/2024,0.168281311,0.171158015,0.161006592,0.162278527,153984819.1,3786123252
Kaspa,2/22/2024,2/23/2024,0.172038997,0.17482506,0.166907807,0.168634352,208323147.4,3883591196
Kaspa,2/21/2024,2/22/2024,0.180554193,0.180554193,0.165340459,0.172457291,287538590.1,3950991285
Kaspa,2/20/2024,2/21/2024,0.183328296,0.189456162,0.168260108,0.179762567,369104620,4099578473
Kaspa,2/19/2024,2/20/2024,0.163279802,0.183574379,0.162688703,0.183458516,214126686.9,3923248374
Kaspa,2/18/2024,2/19/2024,0.16327104,0.166229419,0.159190994,0.163106514,350666282.7,3708390704
Kaspa,2/17/2024,2/18/2024,0.150788834,0.169314185,0.149958319,0.164190095,533875840.9,3697277245
Kaspa,2/16/2024,2/17/2024,0.139025036,0.147884362,0.138677867,0.147554708,130751793.3,3228961037
Kaspa,2/15/2024,2/16/2024,0.142418067,0.144241584,0.13827027,0.138988477,136042013.3,3193296585
Kaspa,2/14/2024,2/15/2024,0.137251978,0.142416806,0.13627293,0.14182814,146139656.3,3169518909
Kaspa,2/13/2024,2/14/2024,0.145112256,0.145119966,0.135721996,0.137597906,174198923.4,3175161786
Kaspa,2/12/2024,2/13/2024,0.142085629,0.147110995,0.135226691,0.144581776,199500325.9,3209323427
Kaspa,2/11/2024,2/12/2024,0.14054666,0.148215095,0.135209841,0.142096277,214856419.8,3227214577
Kaspa,2/10/2024,2/11/2024,0.137360644,0.142569913,0.133115691,0.139028867,231293345.8,3129702633
Kaspa,2/9/2024,2/10/2024,0.126498814,0.138830433,0.125122485,0.13731488,298002634.8,2985647707
Kaspa,2/8/2024,2/9/2024,0.116683842,0.129879924,0.116683842,0.125461428,358829240.6,2815798197
Kaspa,2/7/2024,2/8/2024,0.10492954,0.120998379,0.103276094,0.117284713,146523100.8,2480619142
Kaspa,2/6/2024,2/7/2024,0.099983686,0.105547957,0.099427961,0.104509169,106937210.2,2279209932
Kaspa,2/5/2024,2/6/2024,0.100928626,0.101683727,0.099220112,0.100008573,107582594.4,2266492165
Kaspa,2/4/2024,2/5/2024,0.101862407,0.102464893,0.100133559,0.100944307,112807992.3,2280425041
Kaspa,2/3/2024,2/4/2024,0.1022788,0.102951832,0.101391458,0.10192748,103699072.6,2308671182
Kaspa,2/2/2024,2/3/2024,0.101379423,0.103139268,0.100695925,0.102391972,97669658.99,2299445180
Kaspa,2/1/2024,2/2/2024,0.099294154,0.101920623,0.097501782,0.101179351,91409797.57,2240414052
Kaspa,1/31/2024,2/1/2024,0.103880267,0.103880267,0.099285169,0.099285169,93275564.37,2287877699
Kaspa,1/30/2024,1/31/2024,0.107189645,0.107969762,0.103440407,0.103467584,92693544.34,2389357717
Kaspa,1/29/2024,1/30/2024,0.104051514,0.10801133,0.101424725,0.10734536,91965803.27,2356986418
Kaspa,1/28/2024,1/29/2024,0.106802748,0.109858091,0.103405048,0.104264688,95581569.31,2398312796
Kaspa,1/27/2024,1/28/2024,0.104321223,0.106552402,0.10332234,0.106444771,95271142.6,2356651169
Kaspa,1/26/2024,1/27/2024,0.098687127,0.105556648,0.097895328,0.104533936,88239029.81,2296234694
Kaspa,1/25/2024,1/26/2024,0.099656675,0.10042995,0.096229543,0.098729715,75037585.43,2211025300
Kaspa,1/24/2024,1/25/2024,0.098009322,0.103078428,0.096555244,0.100520861,92757340.81,2227825787
Kaspa,1/23/2024,1/24/2024,0.098296652,0.099834407,0.093406456,0.097976355,102505334.2,2168623907
Kaspa,1/22/2024,1/23/2024,0.102510598,0.102915,0.097706962,0.098106043,100766336.7,2242996049
Kaspa,1/21/2024,1/22/2024,0.103110788,0.105013351,0.102428977,0.102492328,100843072.9,2320962211
Kaspa,1/20/2024,1/21/2024,0.106403094,0.106774785,0.101411935,0.10287823,121268992.5,2326473421
Kaspa,1/19/2024,1/20/2024,0.10428426,0.106412716,0.095635727,0.106362594,128201626.7,2275252625
Kaspa,1/18/2024,1/19/2024,0.112228525,0.112228525,0.101733393,0.10400509,118634147.8,2416898185
Kaspa,1/17/2024,1/18/2024,0.11261056,0.112911292,0.110145852,0.11212287,231309678,2495392436
Kaspa,1/16/2024,1/17/2024,0.110323914,0.114072849,0.109829504,0.112571374,268549296,2504212009
Kaspa,1/15/2024,1/16/2024,0.113302208,0.114598691,0.108968785,0.110343813,271219973.3,2506975129
Kaspa,1/14/2024,1/15/2024,0.114154758,0.117606673,0.112601439,0.112601439,176737191.2,2571988879
Kaspa,1/13/2024,1/14/2024,0.115430352,0.116731554,0.112610474,0.114342461,106538940.8,2546115471
Kaspa,1/12/2024,1/13/2024,0.123863678,0.125593293,0.11098729,0.115427479,157358409,2678191184
Kaspa,1/11/2024,1/12/2024,0.119409601,0.128783915,0.114801385,0.123232258,168809578.3,2683226495
Kaspa,1/10/2024,1/11/2024,0.111876587,0.12301231,0.110308607,0.119845005,132601280,2531016028
Kaspa,1/9/2024,1/10/2024,0.114877433,0.116864766,0.108985893,0.111125925,144099861.8,2519126527
Kaspa,1/8/2024,1/9/2024,0.106293741,0.11556103,0.098527144,0.113834658,108430047.3,2338132146
Kaspa,1/7/2024,1/8/2024,0.10823839,0.113145727,0.104736485,0.106270706,106788025.3,2419804099
Kaspa,1/6/2024,1/7/2024,0.11025433,0.110965281,0.104068275,0.107545884,132985058.6,2391204127
Kaspa,1/5/2024,1/6/2024,0.11840304,0.118835595,0.106157698,0.110513209,174731530.1,2491444607
Kaspa,1/4/2024,1/5/2024,0.105505629,0.118364657,0.102820699,0.117015601,185904250.5,2386559330
Kaspa,1/3/2024,1/4/2024,0.116485407,0.120319838,0.092383943,0.106308548,177573477.8,2451141286
Kaspa,1/2/2024,1/3/2024,0.117190788,0.123368378,0.11395113,0.116604933,125419247.1,2613238891
Kaspa,1/1/2024,1/2/2024,0.112488769,0.116842753,0.109490725,0.116842753,93173908.38,2487022496
Kaspa,12/31/2023,1/1/2024,0.119216865,0.119216865,0.110264381,0.111560395,129974126.4,2531652167
Kaspa,12/30/2023,12/31/2023,0.120460708,0.125574687,0.112354719,0.117678342,322431158.2,2591540859
Kaspa,12/29/2023,12/30/2023,0.112705434,0.127942488,0.109374769,0.119426045,415759348.6,2635575459
Kaspa,12/28/2023,12/29/2023,0.107054727,0.113653401,0.104008529,0.112449904,127400360.1,2373531811
Kaspa,12/27/2023,12/28/2023,0.10585649,0.106420387,0.102175256,0.10605309,125834817,2306984586
Kaspa,12/26/2023,12/27/2023,0.109611043,0.112766396,0.099568329,0.104878224,143637343.3,2338296177
Kaspa,12/25/2023,12/26/2023,0.10485341,0.109753627,0.103364479,0.109476581,137485252.4,2335382056
Kaspa,12/24/2023,12/25/2023,0.112296797,0.113446848,0.103117852,0.104930238,130440797,2393161268
Kaspa,12/23/2023,12/24/2023,0.110453355,0.114847958,0.105627379,0.113211119,118427108.9,2394041452
Kaspa,12/22/2023,12/23/2023,0.112669324,0.115663145,0.106310568,0.110165071,134751216.2,2435975701
Kaspa,12/21/2023,12/22/2023,0.113876864,0.115594948,0.108959527,0.113051516,184617261.6,2461159462
Kaspa,12/20/2023,12/21/2023,0.106679498,0.117582805,0.104833477,0.1141188,143503223,2426382244
Kaspa,12/19/2023,12/20/2023,0.109391703,0.114687398,0.105573537,0.106917515,162880173.8,2398269715
Kaspa,12/18/2023,12/19/2023,0.106261789,0.108841855,0.09560199,0.108774806,172246712,2274973863
Kaspa,12/17/2023,12/18/2023,0.118516401,0.119450681,0.104389428,0.106831394,96865288.97,2428460821
Kaspa,12/16/2023,12/17/2023,0.118103587,0.1249886,0.116755946,0.118411121,68661097.24,2626484211
Kaspa,12/15/2023,12/16/2023,0.128703516,0.129031862,0.117026663,0.117512908,76091874.31,2691887218
Kaspa,12/14/2023,12/15/2023,0.128303568,0.130746186,0.125200436,0.128903237,111785411.7,2801835143
Kaspa,12/13/2023,12/14/2023,0.11925062,0.131948821,0.117999284,0.127174337,108501781.3,2676533616
Kaspa,12/12/2023,12/13/2023,0.119333592,0.126031429,0.115845838,0.119009194,83170264.93,2648606812
Kaspa,12/11/2023,12/12/2023,0.129454226,0.129454226,0.115136727,0.119103069,86368420.12,2636572156
Kaspa,12/10/2023,12/11/2023,0.128145237,0.131103651,0.123990607,0.129354861,62824256.09,2803788006
Kaspa,12/9/2023,12/10/2023,0.131375616,0.133643091,0.126123617,0.128402542,75852216.26,2828952790
Kaspa,12/8/2023,12/9/2023,0.127903298,0.135034923,0.125941509,0.130823364,93791857.99,2855552951
Kaspa,12/7/2023,12/8/2023,0.136883841,0.139117364,0.126496782,0.126868849,77735074.87,2893283933
Kaspa,12/6/2023,12/7/2023,0.140140221,0.141686889,0.135262931,0.137167335,87436580.24,3015423872
Kaspa,12/5/2023,12/6/2023,0.145666497,0.146820377,0.138345053,0.140059735,169189732,3073433229
Kaspa,12/4/2023,12/5/2023,0.140421272,0.150171536,0.138120118,0.145745387,160316459.5,3122686411
Kaspa,12/3/2023,12/4/2023,0.137739155,0.142889401,0.13738265,0.140405942,81264761.81,3032687840
Kaspa,12/2/2023,12/3/2023,0.138229177,0.141057881,0.135364067,0.13746398,102994056,3003651808
Kaspa,12/1/2023,12/2/2023,0.128418005,0.141590715,0.128406006,0.137963793,71146743.04,2918340350
Kaspa,11/30/2023,12/1/2023,0.129005975,0.131393248,0.127319257,0.128676467,56960378.32,2803997938
Kaspa,11/29/2023,11/30/2023,0.132716423,0.134830188,0.127759032,0.129005975,84917876.41,2858617393
Kaspa,11/28/2023,11/29/2023,0.128718098,0.135116548,0.123378605,0.132443982,89349491.02,2815999646
Kaspa,11/27/2023,11/28/2023,0.130574957,0.13227377,0.122357139,0.128188728,85352270.58,2756943184
Kaspa,11/26/2023,11/27/2023,0.137604607,0.139005698,0.127790836,0.130566764,74398225.56,2900557742
Kaspa,11/25/2023,11/26/2023,0.139800583,0.142069145,0.134005005,0.137386484,122212727.7,2995416387
Kaspa,11/24/2023,11/25/2023,0.126817755,0.142761201,0.125974207,0.139472881,106529933.8,2903817978
Kaspa,11/23/2023,11/24/2023,0.127742294,0.131004368,0.124185841,0.125973268,125997605.6,2752149008
Kaspa,11/22/2023,11/23/2023,0.118797421,0.134906812,0.118797421,0.12868292,194454827.2,2763884478
Kaspa,11/21/2023,11/22/2023,0.128932789,0.132505423,0.115320656,0.115528691,169040723.6,2741102979
Kaspa,11/20/2023,11/21/2023,0.144522352,0.146000477,0.128916878,0.130289433,214477481.6,2992459834
Kaspa,11/19/2023,11/20/2023,0.137583352,0.153193979,0.134118731,0.143863103,263448248.1,3085893876
Kaspa,11/18/2023,11/19/2023,0.135142366,0.146679823,0.127802614,0.139705167,293259666.1,2916770203
Kaspa,11/17/2023,11/18/2023,0.1266494,0.142015724,0.113182815,0.138364148,248939772.8,2748951928
Kaspa,11/16/2023,11/17/2023,0.116888375,0.14487786,0.111948934,0.125336606,219828869.5,2771702154
Kaspa,11/15/2023,11/16/2023,0.089547179,0.118160906,0.089365901,0.116592685,94832491.98,2219046458
Kaspa,11/14/2023,11/15/2023,0.08054146,0.09101876,0.079992304,0.089921368,48494062.68,1850660391
Kaspa,11/13/2023,11/14/2023,0.087677408,0.089613006,0.079202136,0.081037037,41626087.54,1817652211
Kaspa,11/12/2023,11/13/2023,0.088621618,0.09125911,0.085996318,0.08767434,43513144.69,1910451367
Kaspa,11/11/2023,11/12/2023,0.091035629,0.09227146,0.084047759,0.088443576,61428773.97,1903006011
Kaspa,11/10/2023,11/11/2023,0.093735983,0.09924242,0.088465734,0.091243335,133965553.1,1987602632
Kaspa,11/9/2023,11/10/2023,0.078412243,0.092813567,0.076811524,0.091900773,118609030.2,1866202884
Kaspa,11/8/2023,11/9/2023,0.068015637,0.079098631,0.068015637,0.078275494,50388133.29,1553473665
Kaspa,11/7/2023,11/8/2023,0.064335088,0.069882119,0.06371262,0.068318051,30433005.59,1417871850
Kaspa,11/6/2023,11/7/2023,0.064496379,0.068268452,0.061773563,0.064413941,59226091.93,1387603140
Kaspa,11/5/2023,11/6/2023,0.059359323,0.066164321,0.057505515,0.064469934,48179531.89,1316505057
Kaspa,11/4/2023,11/5/2023,0.052191104,0.059992205,0.052191104,0.059226022,22640778.91,1176604052
Kaspa,11/3/2023,11/4/2023,0.050987621,0.05209114,0.050322385,0.05209114,10737938.64,1094850603
Kaspa,11/2/2023,11/3/2023,0.051937833,0.052081349,0.050270576,0.050937351,11667299.63,1096312634
Kaspa,11/1/2023,11/2/2023,0.050232546,0.052008758,0.05022433,0.051987404,11893496.32,1097418399
Kaspa,10/31/2023,11/1/2023,0.051267323,0.051582729,0.049233803,0.050221225,13695692.65,1068072735
Kaspa,10/30/2023,10/31/2023,0.052413145,0.052808124,0.050465183,0.051162974,10349343.11,1107456551
Kaspa,10/29/2023,10/30/2023,0.050983544,0.052874207,0.050892458,0.052432066,8274795.087,1108465425
Kaspa,10/28/2023,10/29/2023,0.050544167,0.051103255,0.050481075,0.051008682,8963571.833,1081467660
Kaspa,10/27/2023,10/28/2023,0.049602084,0.051096568,0.049246693,0.050602436,9880681.132,1059940733
Kaspa,10/26/2023,10/27/2023,0.049452395,0.050300421,0.048565309,0.049582124,14897919.73,1052639856
Kaspa,10/25/2023,10/26/2023,0.051759471,0.052027045,0.049094627,0.049390079,15025465.05,1078939812
Kaspa,10/24/2023,10/25/2023,0.051294632,0.053012069,0.050519368,0.051738906,19574102.95,1101187077
Kaspa,10/23/2023,10/24/2023,0.049978995,0.051663095,0.049656742,0.051399411,10731201.15,1066670824
Kaspa,10/22/2023,10/23/2023,0.04984953,0.050619866,0.048631751,0.050046424,13455712.57,1054347947
Kaspa,10/21/2023,10/22/2023,0.048755946,0.051090224,0.048755946,0.04973769,15429055.83,1057823223
Kaspa,10/20/2023,10/21/2023,0.04587733,0.049499888,0.045817215,0.0487653,12859143.85,1007210846
Kaspa,10/19/2023,10/20/2023,0.046536172,0.046907735,0.04534884,0.045814934,11269188.26,976471030.5
Kaspa,10/18/2023,10/19/2023,0.047495334,0.047698181,0.045382507,0.046676566,13857862.69,986386220.9
Kaspa,10/17/2023,10/18/2023,0.044860109,0.047987218,0.044445835,0.047505317,14452414.38,982811494.1
Kaspa,10/16/2023,10/17/2023,0.042973791,0.046174851,0.042832021,0.044953695,11132344.08,940787344.5
Kaspa,10/15/2023,10/16/2023,0.042281052,0.043073893,0.042168155,0.042941525,6687467.357,901387113.1
Kaspa,10/14/2023,10/15/2023,0.042038882,0.043322693,0.041772633,0.042173053,9940233.031,901285034.3
Kaspa,10/13/2023,10/14/2023,0.043670759,0.044015641,0.042021738,0.042021738,10829685.44,905555373.5
Kaspa,10/12/2023,10/13/2023,0.044047693,0.044979655,0.042421515,0.043601394,14051621.95,923451326.6
Kaspa,10/11/2023,10/12/2023,0.042205881,0.04413745,0.041123019,0.043572,21844256.99,894154300.9
Kaspa,10/10/2023,10/11/2023,0.045502949,0.046255205,0.041512698,0.042209127,18608736.19,926961226.7
Kaspa,10/9/2023,10/10/2023,0.048586449,0.048586449,0.04502902,0.045491617,11787695.62,986521197.5
Kaspa,10/8/2023,10/9/2023,0.049209893,0.050039762,0.048008372,0.048644968,9916893.136,1028651565
Kaspa,10/7/2023,10/8/2023,0.05035,0.051122291,0.049057852,0.049239798,11733989.52,1051995903
Kaspa,10/6/2023,10/7/2023,0.048335658,0.050593002,0.048106995,0.050403057,10611757.34,1028483330
Kaspa,10/5/2023,10/6/2023,0.04923693,0.04923693,0.047079088,0.048366099,11557446.63,1012393054
Kaspa,10/4/2023,10/5/2023,0.050318143,0.050519841,0.049127665,0.049133803,9371540.505,1048829814
Kaspa,10/3/2023,10/4/2023,0.049955214,0.051022465,0.049616107,0.050373969,12287615.37,1054769201
Kaspa,10/2/2023,10/3/2023,0.051702536,0.051732019,0.04949747,0.050009969,14878904.34,1053029203
Kaspa,10/1/2023,10/2/2023,0.048907691,0.051624665,0.048784189,0.051597967,11769140.03,1048666894
Kaspa,9/30/2023,10/1/2023,0.047755637,0.048967972,0.047750844,0.048875889,8501445.376,1010718727
Kaspa,9/29/2023,9/30/2023,0.047475879,0.048674991,0.047289588,0.047856859,8457937.038,1000124284
Kaspa,9/28/2023,9/29/2023,0.046749135,0.047537572,0.046564678,0.04745941,8568211.93,980994622.1
Kaspa,9/27/2023,9/28/2023,0.046939797,0.048041967,0.046321715,0.046586565,11624616.34,977991797.1
Kaspa,9/26/2023,9/27/2023,0.047028197,0.047495349,0.045221624,0.047057671,11524341.36,968697288
Kaspa,9/25/2023,9/26/2023,0.047936513,0.048750517,0.045754846,0.04710887,13909237.69,981601080.7
Kaspa,9/24/2023,9/25/2023,0.045592514,0.048777675,0.045376258,0.047833373,9751848.812,970378079.4
Kaspa,9/23/2023,9/24/2023,0.046918868,0.047404453,0.044981026,0.045494063,13649862.99,955675390.4
Kaspa,9/22/2023,9/23/2023,0.045869452,0.047543834,0.04369224,0.046707306,18703229.1,950470258.2
Kaspa,9/21/2023,9/22/2023,0.049137148,0.05004044,0.045561358,0.045671249,21051538.61,996955884
Kaspa,9/20/2023,9/21/2023,0.052754358,0.053841676,0.049011455,0.049143998,22369475.69,1062516733
Kaspa,9/19/2023,9/20/2023,0.048746512,0.052396976,0.04807868,0.052270526,17401958,1031392231
Kaspa,9/18/2023,9/19/2023,0.045664014,0.049670952,0.045664014,0.048477784,15924293.76,997313990.6
Kaspa,9/17/2023,9/18/2023,0.048191964,0.048191964,0.044801116,0.045408778,15721277.17,951602746.4
Kaspa,9/16/2023,9/17/2023,0.048782406,0.050021764,0.047201451,0.047973308,13095206.61,1018567613
Kaspa,9/15/2023,9/16/2023,0.047008847,0.048940959,0.04695364,0.048784689,15922811.71,993796068.1
Kaspa,9/14/2023,9/15/2023,0.049424437,0.050342519,0.046448796,0.0471126,28166513.32,992562645
Kaspa,9/13/2023,9/14/2023,0.042496076,0.049740527,0.041982583,0.049523765,21179767.44,938884570.5
Kaspa,9/12/2023,9/13/2023,0.039552702,0.042976662,0.039552702,0.042596373,17212247.63,860984167.5
Kaspa,9/11/2023,9/12/2023,0.040356823,0.040712614,0.0386744,0.039471974,11976199.97,816156060.6
Kaspa,9/10/2023,9/11/2023,0.039170969,0.040757348,0.03871963,0.040348533,9445145.899,815443935
Kaspa,9/9/2023,9/10/2023,0.038937442,0.039831066,0.038294321,0.039207966,9582080.233,799751719.3
Kaspa,9/8/2023,9/9/2023,0.0391136,0.039693962,0.037159856,0.038995161,16975724.03,789854459.7
Kaspa,9/7/2023,9/8/2023,0.038414095,0.041721542,0.038291402,0.039138817,23899245.88,811972421.5
Kaspa,9/6/2023,9/7/2023,0.034720624,0.040452701,0.034720624,0.03839029,16337659.61,771711271.8
Kaspa,9/5/2023,9/6/2023,0.033397187,0.034895781,0.033040572,0.034730783,7408505.077,695289895.4
Kaspa,9/4/2023,9/5/2023,0.034538335,0.034538335,0.033100956,0.03337685,7065937.195,690406173.2
Kaspa,9/3/2023,9/4/2023,0.035776996,0.035844435,0.034434368,0.034610101,7385832.868,718282933.7
Kaspa,9/2/2023,9/3/2023,0.034828894,0.035831722,0.034692539,0.035749964,8928324.746,719061705.5
Kaspa,9/1/2023,9/2/2023,0.033658511,0.034574068,0.033318275,0.034512402,9059355.348,694400868.3
Kaspa,8/31/2023,9/1/2023,0.033932925,0.035157191,0.032887702,0.033690802,10692784.03,689952350
Kaspa,8/30/2023,8/31/2023,0.035254634,0.036587842,0.033663593,0.033891316,18680806.37,708174792.8
Kaspa,8/29/2023,8/30/2023,0.034402623,0.036843991,0.032194867,0.035351008,14245683.87,692690693.9
Kaspa,8/28/2023,8/29/2023,0.035947833,0.036596995,0.033967711,0.034415946,9577184.676,715178361.9
Kaspa,8/27/2023,8/28/2023,0.035638775,0.037258601,0.033931094,0.036183712,12723677.05,723713109.2
Kaspa,8/26/2023,8/27/2023,0.037616435,0.037679154,0.035095024,0.03565251,9833551.348,734920225.5
Kaspa,8/25/2023,8/26/2023,0.038699418,0.038948397,0.036582347,0.03764049,13130322.43,759130237.3
Kaspa,8/24/2023,8/25/2023,0.04043185,0.040703669,0.038007979,0.038666517,14031782.06,792436018.5
Kaspa,8/23/2023,8/24/2023,0.040920478,0.041377245,0.038308257,0.040392286,20320895.09,807824374.2
Kaspa,8/22/2023,8/23/2023,0.041779586,0.042871157,0.039011466,0.040496861,17876506.76,843124562.6
Kaspa,8/21/2023,8/22/2023,0.042065354,0.044263204,0.041240596,0.041694548,15097939.25,864492585.5
Kaspa,8/20/2023,8/21/2023,0.041564817,0.042472475,0.040532017,0.041666183,14916343.52,840581796.8
Kaspa,8/19/2023,8/20/2023,0.039744365,0.042664579,0.039744365,0.041462073,23040630.6,832711982.9
Kaspa,8/18/2023,8/19/2023,0.037529237,0.039700688,0.03602462,0.039650515,21821262.53,755510913.8
Kaspa,8/17/2023,8/18/2023,0.038524565,0.040278466,0.036295041,0.037331447,16279162.87,770515066.8
Kaspa,8/16/2023,8/17/2023,0.042196199,0.042292923,0.03858672,0.038593018,22741799.74,794738529.7
Kaspa,8/15/2023,8/16/2023,0.041195727,0.042866793,0.037903203,0.04122801,25705122.47,790472342.2
Kaspa,8/14/2023,8/15/2023,0.04278895,0.043923476,0.039905408,0.041467604,18907274.79,840307764.6
Kaspa,8/13/2023,8/14/2023,0.045646943,0.045845067,0.042153221,0.042980379,13359403,885724953.1
Kaspa,8/12/2023,8/13/2023,0.046673555,0.046704017,0.045028891,0.045539054,19803566.63,912907864.1
Kaspa,8/11/2023,8/12/2023,0.042189124,0.046997983,0.041441048,0.046629822,24041171.13,865605670.2
Kaspa,8/10/2023,8/11/2023,0.046495062,0.046584939,0.042560199,0.042562268,17089169.96,894228999.8
Kaspa,8/9/2023,8/10/2023,0.046615271,0.047400553,0.045306776,0.046604425,23933506.13,923271040.6
Kaspa,8/8/2023,8/9/2023,0.04906087,0.04912993,0.04434838,0.046621311,32652220.63,929750998.3
Kaspa,8/7/2023,8/8/2023,0.050121037,0.051434634,0.04688239,0.048817388,30877588.48,996317331.5
Kaspa,8/6/2023,8/7/2023,0.047419653,0.051608288,0.046870404,0.050111624,25166990.95,973984407.1
Kaspa,8/5/2023,8/6/2023,0.04652454,0.04791457,0.045341025,0.047219157,21693187.3,923461410.5
Kaspa,8/4/2023,8/5/2023,0.045386539,0.04695829,0.044590795,0.04663939,29172051.7,910081136.3
Kaspa,8/3/2023,8/4/2023,0.046432151,0.048762304,0.04382116,0.045292638,43408776.4,911556103.2
Kaspa,8/2/2023,8/3/2023,0.040790567,0.047208413,0.040491838,0.046687145,27254957.09,842923484.9
Kaspa,8/1/2023,8/2/2023,0.038891007,0.040812299,0.037520489,0.040708306,17350845.79,773913245.4
Kaspa,7/31/2023,8/1/2023,0.0374695,0.039260432,0.037361441,0.039258574,17372246.76,757301942.9
Kaspa,7/30/2023,7/31/2023,0.035822865,0.037513632,0.034654028,0.037223795,16590925.48,718070755.6
Kaspa,7/29/2023,7/30/2023,0.036469451,0.037034763,0.034309802,0.035909156,12861248.78,711707395.3
Kaspa,7/28/2023,7/29/2023,0.036966562,0.037361605,0.035223358,0.036423496,17091722.73,715911614.3
Kaspa,7/27/2023,7/28/2023,0.038318345,0.039102259,0.036490317,0.037038596,18424854.58,747441197
Kaspa,7/26/2023,7/27/2023,0.03592741,0.039639463,0.03592741,0.038313261,24220372.28,750340663.5
Kaspa,7/25/2023,7/26/2023,0.036601664,0.038439401,0.03285583,0.035743104,26879848.06,708820346.3
Kaspa,7/24/2023,7/25/2023,0.040199997,0.040199997,0.035780736,0.037147143,21231748.28,753874524.1
Kaspa,7/23/2023,7/24/2023,0.03863347,0.041181995,0.037404184,0.040198466,25034378.94,770617795.9
Kaspa,7/22/2023,7/23/2023,0.034819413,0.039190465,0.034103078,0.039190465,12837810.06,707513615.1
Kaspa,7/21/2023,7/22/2023,0.034283052,0.034862271,0.032765701,0.034807656,11218802.03,669017302.3
Kaspa,7/20/2023,7/21/2023,0.035114834,0.035501414,0.033382476,0.034364345,15616834.36,679050956
Kaspa,7/19/2023,7/20/2023,0.034397558,0.035569319,0.033086012,0.03502224,20664208.07,677779350.8
Kaspa,7/18/2023,7/19/2023,0.033310623,0.034933798,0.030681003,0.034391199,18876920.24,635302824.7
Kaspa,7/17/2023,7/18/2023,0.033320089,0.03451176,0.031306676,0.033391727,26954384.01,641902655.1
Kaspa,7/16/2023,7/17/2023,0.028225824,0.032937078,0.028225824,0.032593944,10459274.47,586454789.1
Kaspa,7/15/2023,7/16/2023,0.028326109,0.028662502,0.027527127,0.028207298,11270954.54,548467308.8
Kaspa,7/14/2023,7/15/2023,0.027201226,0.029794389,0.026791731,0.028269099,14042088.24,555975261
Kaspa,7/13/2023,7/14/2023,0.026202118,0.027565324,0.025597009,0.027561608,10277167.22,520978182.5
Kaspa,7/12/2023,7/13/2023,0.024535285,0.026326083,0.02411721,0.026250908,6616704.652,489457687.2
Kaspa,7/11/2023,7/12/2023,0.024036049,0.024730546,0.023834976,0.024591299,6694490,476647648.7
Kaspa,7/10/2023,7/11/2023,0.02530303,0.025354952,0.023264424,0.023927814,7451127.021,472619972.9
Kaspa,7/9/2023,7/10/2023,0.02569437,0.025831139,0.02486671,0.025286309,7995090.334,490549925.9
Kaspa,7/8/2023,7/9/2023,0.023275983,0.025844938,0.023166871,0.025587795,7528676.798,462811322
Kaspa,7/7/2023,7/8/2023,0.021204702,0.023941579,0.021165367,0.023496891,8141767.007,433952026.2
Kaspa,7/6/2023,7/7/2023,0.021932048,0.021981499,0.020249902,0.021247404,10138566.18,409133577.3
Kaspa,7/5/2023,7/6/2023,0.02366733,0.023804144,0.021169504,0.022381952,6550936.627,438172868.2
Kaspa,7/4/2023,7/5/2023,0.024233222,0.024691101,0.02330056,0.023779718,7315429.167,460050974.8
Kaspa,7/3/2023,7/4/2023,0.024723552,0.024834995,0.023119766,0.024211987,7518999.868,464500670.2
Kaspa,7/2/2023,7/3/2023,0.025430434,0.025554959,0.024529225,0.024702151,4856735.24,484502932.1
Kaspa,7/1/2023,7/2/2023,0.026049352,0.02606985,0.025250398,0.025369886,5877757.314,496443347.8
Kaspa,6/30/2023,7/1/2023,0.025772435,0.026884479,0.025469263,0.02608491,6703173.955,501528311.9
Kaspa,6/29/2023,6/30/2023,0.025283791,0.026494481,0.025215764,0.025805662,7210809.031,496767937.9
Kaspa,6/28/2023,6/29/2023,0.027391123,0.027391123,0.025159916,0.02533736,9891640.547,501097610.6
Kaspa,6/27/2023,6/28/2023,0.024712121,0.027544588,0.023935368,0.027497196,8466796.307,486754556.7
Kaspa,6/26/2023,6/27/2023,0.025628144,0.026032828,0.024514879,0.024670291,6305693.411,488448724.3
Kaspa,6/25/2023,6/26/2023,0.025183095,0.026269123,0.024835241,0.025608436,7653480.672,491417740.3
Kaspa,6/24/2023,6/25/2023,0.026669954,0.027053994,0.024385499,0.025237333,11685232.62,491735240.9
Kaspa,6/23/2023,6/24/2023,0.026716108,0.028005259,0.026116302,0.026553817,14046031.31,518929674.3
Kaspa,6/22/2023,6/23/2023,0.023864666,0.027879394,0.023285993,0.026868287,11575218.1,489803426.5
Kaspa,6/21/2023,6/22/2023,0.022964184,0.024390255,0.022526198,0.023808324,9329120.784,446883863.6
Kaspa,6/20/2023,6/21/2023,0.021641616,0.023077154,0.020897739,0.022953464,7577854.916,416676149.9
Kaspa,6/19/2023,6/20/2023,0.020079312,0.021599041,0.018786221,0.021599041,6178921.181,375687191.7
Kaspa,6/18/2023,6/19/2023,0.021304682,0.021562012,0.020055848,0.020086147,4897515.425,401776296.3
Kaspa,6/17/2023,6/18/2023,0.020494075,0.021675259,0.020163749,0.02127686,7635977.279,398469899.9
Kaspa,6/16/2023,6/17/2023,0.022426769,0.022426769,0.020091752,0.02070467,13457435.03,401752906.2
Kaspa,6/15/2023,6/16/2023,0.018661304,0.022683607,0.01786499,0.022424129,14994825.93,372010982
Kaspa,6/14/2023,6/15/2023,0.016746682,0.018231235,0.01630821,0.018231235,5143780.077,324368417.9
Kaspa,6/13/2023,6/14/2023,0.01644283,0.016864508,0.01608187,0.016738343,5979640.965,312717068.3
Kaspa,6/12/2023,6/13/2023,0.01535075,0.016644189,0.0151375,0.016442198,4261420.833,294638779.7
Kaspa,6/11/2023,6/12/2023,0.01553589,0.01563569,0.015051325,0.015319544,4513105.923,292427471.3
Kaspa,6/10/2023,6/11/2023,0.015922305,0.015998797,0.014479889,0.015646083,6024545.409,287204859.8
Kaspa,6/9/2023,6/10/2023,0.015443975,0.016496812,0.015306758,0.015900454,4889501.711,300635410.3
Kaspa,6/8/2023,6/9/2023,0.015063049,0.015480649,0.014606068,0.015361056,3503475.767,282729868.6
Kaspa,6/7/2023,6/8/2023,0.015113304,0.015439189,0.014482009,0.01502139,4861071.875,284713889.2
Kaspa,6/6/2023,6/7/2023,0.014574204,0.021243159,0.013633316,0.015107181,5751558.422,275670312.7
Kaspa,6/5/2023,6/6/2023,0.016088422,0.016118336,0.014466938,0.014574248,3893678.864,293313343.1
Kaspa,6/4/2023,6/5/2023,0.016583679,0.017120699,0.015981032,0.01609292,5554821.143,313970413.7
Kaspa,6/3/2023,6/4/2023,0.015577372,0.016896796,0.015239155,0.016622988,4225875.307,294105100.3
Kaspa,6/2/2023,6/3/2023,0.015777977,0.016424182,0.015084164,0.015501953,4569076.519,294415483.8
Kaspa,6/1/2023,6/2/2023,0.015803706,0.016310275,0.014841273,0.015782623,5319987.537,293621432.1
Kaspa,5/31/2023,6/1/2023,0.016196765,0.016196765,0.01446413,0.015808758,5813596.463,286447833.2
Kaspa,5/30/2023,5/31/2023,0.017146653,0.017737197,0.015520777,0.016193016,6680332.125,312667024.1
Kaspa,5/29/2023,5/30/2023,0.017903162,0.018506315,0.016850678,0.01709083,6981507.474,336878218.7
Kaspa,5/28/2023,5/29/2023,0.018760404,0.018911606,0.01725912,0.017854063,8779633.392,333560921.2
Kaspa,5/27/2023,5/28/2023,0.018379503,0.019703085,0.018178999,0.018798974,10706218.31,352409303.2
Kaspa,5/26/2023,5/27/2023,0.016270255,0.018857123,0.01548319,0.018319044,8847583.675,310630235.3
Kaspa,5/25/2023,5/26/2023,0.016263496,0.01733371,0.014393185,0.016270255,15068802.47,295084358.3
Kaspa,5/24/2023,5/25/2023,0.013487233,0.016893257,0.012013715,0.016207604,8224232.243,245813233.2
Kaspa,5/23/2023,5/24/2023,0.014466738,0.014900152,0.012137944,0.01345823,10377341.33,256319891.6
Kaspa,5/22/2023,5/23/2023,0.01663212,0.016640988,0.014389133,0.014534751,5807638.045,285862612.3
Kaspa,5/21/2023,5/22/2023,0.01692332,0.017318369,0.016213513,0.01663212,6085356.986,308943570.1
Kaspa,5/20/2023,5/21/2023,0.017671498,0.017706241,0.01604026,0.016923139,9728086.983,309994088.3
Kaspa,5/19/2023,5/20/2023,0.01768905,0.018080664,0.015529612,0.017384818,8921053.083,315738538.7
Kaspa,5/18/2023,5/19/2023,0.019684495,0.019823518,0.017606535,0.017653431,5661545.063,350978397.7
Kaspa,5/17/2023,5/18/2023,0.020085583,0.020529336,0.018739506,0.019684495,6835282.333,365333504.2
Kaspa,5/16/2023,5/17/2023,0.022161291,0.022161291,0.019943808,0.020144622,4693623.597,393788946.7
Kaspa,5/15/2023,5/16/2023,0.022196819,0.022800079,0.021172725,0.022161291,7506111.863,407612369.8
Kaspa,5/14/2023,5/15/2023,0.020313339,0.024049106,0.020255994,0.022242039,5574952.778,392779695.8
Kaspa,5/13/2023,5/14/2023,0.020897206,0.021585419,0.020078949,0.020368345,5568455.056,377539406.3
Kaspa,5/12/2023,5/13/2023,0.020544604,0.021272874,0.018924568,0.020887936,8976691.976,368549966.3
Kaspa,5/11/2023,5/12/2023,0.02271641,0.022782754,0.019198189,0.020560701,6930235.219,394320302.2
Kaspa,5/10/2023,5/11/2023,0.022654417,0.024082271,0.022245224,0.022632867,5184156.514,420502884.9
Kaspa,5/9/2023,5/10/2023,0.022923948,0.023876502,0.021879305,0.022551592,7360826.617,417494153.9
Kaspa,5/8/2023,5/9/2023,0.025180388,0.02525756,0.022563311,0.022863508,8150571.101,436736881.5
Kaspa,5/7/2023,5/8/2023,0.026427397,0.026901451,0.025153589,0.025153589,6807353.986,475728374.5
Kaspa,5/6/2023,5/7/2023,0.026814296,0.029718521,0.025377239,0.026423757,12345056.65,502402697.2
Kaspa,5/5/2023,5/6/2023,0.027768537,0.02826616,0.025099344,0.026869922,8957805.212,492815114.5
Kaspa,5/4/2023,5/5/2023,0.026311402,0.030069165,0.025811881,0.027616747,8131389.024,504231688.6
Kaspa,5/3/2023,5/4/2023,0.026308498,0.027153883,0.024989521,0.026235763,6449115.981,470985824.7
Kaspa,5/2/2023,5/3/2023,0.025931511,0.02747291,0.023079371,0.026315134,8833926.719,460985945
Kaspa,5/1/2023,5/2/2023,0.028675362,0.028759569,0.025616896,0.025909384,7165438.323,481617888
Kaspa,4/30/2023,5/1/2023,0.028835067,0.029201167,0.026846605,0.028593419,6498687.17,507740684.9
Kaspa,4/29/2023,4/30/2023,0.031319184,0.031491206,0.028283385,0.028771814,5870710.274,546113966.9
Kaspa,4/28/2023,4/29/2023,0.031329609,0.032792586,0.030065471,0.031382852,9138420.319,569348785.9
Kaspa,4/27/2023,4/28/2023,0.031094736,0.031731371,0.029085338,0.031329609,12358004.63,551719187.6
Kaspa,4/26/2023,4/27/2023,0.026575699,0.031806284,0.026189737,0.030971618,8534461.778,514318124.3
Kaspa,4/25/2023,4/26/2023,0.0257149,0.027664617,0.025714105,0.026745206,6675097.424,480041280.8
Kaspa,4/24/2023,4/25/2023,0.0241512,0.026220584,0.023894152,0.025639823,5304342.434,453823571.6
Kaspa,4/23/2023,4/24/2023,0.02402937,0.024887551,0.023592698,0.024025343,4288504.649,431038696.1
Kaspa,4/22/2023,4/23/2023,0.024530379,0.02529536,0.023516457,0.024053629,6053103.559,432805534.5
Kaspa,4/21/2023,4/22/2023,0.025504428,0.027599386,0.024196947,0.024381569,8997425.198,459142539.2
Kaspa,4/20/2023,4/21/2023,0.022880995,0.027590131,0.022880995,0.025480327,9942131.628,446523756.7
Kaspa,4/19/2023,4/20/2023,0.025287496,0.025707528,0.022363647,0.02323909,11978853.05,426649418.4
Kaspa,4/18/2023,4/19/2023,0.027803949,0.028763151,0.024392792,0.025279728,9660149.594,485971426.7
Kaspa,4/17/2023,4/18/2023,0.025305327,0.029732156,0.025239013,0.027788933,24405712.82,498782652.4
Kaspa,4/16/2023,4/17/2023,0.033437924,0.033770768,0.027074054,0.027074054,9054306.559,573704599.8
Kaspa,4/15/2023,4/16/2023,0.035681268,0.035858594,0.033248496,0.033422551,9065600.221,617646712
Kaspa,4/14/2023,4/15/2023,0.032809205,0.035943344,0.032784683,0.035681268,10896985.79,623306443.1
Kaspa,4/13/2023,4/14/2023,0.032522265,0.0343624,0.032003988,0.032809205,10919346.5,585199367.7
Kaspa,4/12/2023,4/13/2023,0.032656789,0.033697974,0.03193953,0.032522265,9236707.454,579537641.3
Kaspa,4/11/2023,4/12/2023,0.034561199,0.038329427,0.032487108,0.032656789,15240258.41,620982939.2
Kaspa,4/10/2023,4/11/2023,0.03447825,0.036707688,0.032983231,0.034718684,27055984.33,607234778.1
Kaspa,4/9/2023,4/10/2023,0.02926004,0.036369287,0.029110798,0.034487352,14070171.91,557821279.8
Kaspa,4/8/2023,4/9/2023,0.030090429,0.030905919,0.028990517,0.029283995,8858840.7,529873508.8
Kaspa,4/7/2023,4/8/2023,0.031466916,0.03167569,0.028711307,0.030227967,11475410.07,535970875.2
Kaspa,4/6/2023,4/7/2023,0.030199921,0.032499852,0.029635278,0.031543668,21051874.39,544686093.1
Kaspa,4/5/2023,4/6/2023,0.035049329,0.036295478,0.027923322,0.030415149,23144075.65,577475761.3
Kaspa,4/4/2023,4/5/2023,0.036508488,0.037706189,0.031696467,0.034951285,24090670.99,619663072.9
Kaspa,4/3/2023,4/4/2023,0.03878992,0.040956314,0.035460362,0.036842942,22572114.61,669638357.6
Kaspa,4/2/2023,4/3/2023,0.035735971,0.042510698,0.035554235,0.038561653,22732007.41,699432922.7
Kaspa,4/1/2023,4/2/2023,0.0324634,0.038347998,0.032197021,0.035655335,24491689.81,623733011.2
Kaspa,3/31/2023,4/1/2023,0.028962247,0.033515434,0.028962247,0.032768542,24532444.5,539383952.6
Kaspa,3/30/2023,3/31/2023,0.02758099,0.032890557,0.027235208,0.029099964,52322427.7,524343868
Kaspa,3/29/2023,3/30/2023,0.023015913,0.036984845,0.022945725,0.028058164,35928163.61,515580915.1
Kaspa,3/28/2023,3/29/2023,0.022451252,0.023602094,0.021159966,0.023028646,20574270.7,395728821.6
Kaspa,3/27/2023,3/28/2023,0.018193177,0.022594424,0.018193177,0.02243715,5782974.119,342957857
Kaspa,3/26/2023,3/27/2023,0.016712568,0.018554032,0.016525552,0.018193177,2561334.448,309650388
Kaspa,3/25/2023,3/26/2023,0.01669032,0.017008432,0.01621097,0.016720696,2438673.925,290979077.1
Kaspa,3/24/2023,3/25/2023,0.016926685,0.017136351,0.016620579,0.01669032,7219559.328,292287355.4
Kaspa,3/23/2023,3/24/2023,0.016007864,0.016924349,0.015898239,0.016917449,8542345.436,279441126.3
Kaspa,3/22/2023,3/23/2023,0.015795687,0.016537009,0.015546529,0.015973412,7197652.262,277711527.1
Kaspa,3/21/2023,3/22/2023,0.017124336,0.017587187,0.015628636,0.015769559,5212668.932,283220720.9
Kaspa,3/20/2023,3/21/2023,0.016358304,0.017690729,0.015717658,0.01705231,6264232.982,288155317
Kaspa,3/19/2023,3/20/2023,0.013921757,0.017393631,0.013921757,0.016356907,2594519.048,251413663.5
Kaspa,3/18/2023,3/19/2023,0.013999221,0.014306199,0.013621503,0.013951417,3024154.734,241058145.9
Kaspa,3/17/2023,3/18/2023,0.013421687,0.014446644,0.013402017,0.013984399,2979514.456,240639615.5
Kaspa,3/16/2023,3/17/2023,0.013025921,0.013591127,0.012724669,0.013452492,3352917.759,227606108.1
Kaspa,3/15/2023,3/16/2023,0.014115814,0.014115814,0.012496244,0.012997571,4692732.428,231451064.2
Kaspa,3/14/2023,3/15/2023,0.012533922,0.014424712,0.012060854,0.013972144,4642143.688,229327749.2
Kaspa,3/13/2023,3/14/2023,0.01206173,0.013395584,0.01206173,0.01253184,2940954.081,216618455.4
Kaspa,3/12/2023,3/13/2023,0.012077394,0.012226301,0.011265027,0.012035146,2702352.381,202546012.5
Kaspa,3/11/2023,3/12/2023,0.011931016,0.012956667,0.011291483,0.012076988,4647475.593,206103749.7
Kaspa,3/10/2023,3/11/2023,0.010354996,0.011932274,0.009125085,0.011873144,5282818.18,175499445.7
Kaspa,3/9/2023,3/10/2023,0.011662536,0.011840455,0.009875481,0.010301231,4146150.239,190424485.9
Kaspa,3/8/2023,3/9/2023,0.012888984,0.012888984,0.011242134,0.011587795,3717007.585,208381993.1
Kaspa,3/7/2023,3/8/2023,0.013929711,0.014344466,0.012513823,0.012766264,3679513.28,223798712.2
Kaspa,3/6/2023,3/7/2023,0.012672221,0.014290521,0.012423915,0.013952935,2244024.262,220740799.4
Kaspa,3/5/2023,3/6/2023,0.012155609,0.012594751,0.011979976,0.012590294,1860233.619,205179010.5
Kaspa,3/4/2023,3/5/2023,0.012736878,0.013334752,0.011680552,0.012204214,4370620.208,205000814.8
Kaspa,3/3/2023,3/4/2023,0.014285502,0.014448398,0.011321577,0.012720547,6068291.567,226374961.2
Kaspa,3/2/2023,3/3/2023,0.013023078,0.014798637,0.012586141,0.014240401,5344814.62,231912483.1
Kaspa,3/1/2023,3/2/2023,0.011269091,0.013303882,0.011257799,0.013012003,4296510.767,207287587.7
Kaspa,2/28/2023,3/1/2023,0.010784713,0.012807746,0.010444031,0.011177992,5703650.13,193347703.4
Kaspa,2/27/2023,2/28/2023,0.00901074,0.011534575,0.008517478,0.010842083,2296329.881,158049900.5
Kaspa,2/26/2023,2/27/2023,0.008464851,0.009118354,0.008219543,0.009009384,1814180.116,146558137.3
Kaspa,2/25/2023,2/26/2023,0.007727564,0.008473487,0.007684166,0.00838516,1417579.396,133765306.1
Kaspa,2/24/2023,2/25/2023,0.007220181,0.007845253,0.00718545,0.007752443,1079621.361,126309390.5
Kaspa,2/23/2023,2/24/2023,0.007071759,0.007488418,0.006909421,0.007292591,803647.1214,119191166.7
Kaspa,2/22/2023,2/23/2023,0.007156506,0.007502815,0.006787244,0.00705081,1067556.125,118834948.6
Kaspa,2/21/2023,2/22/2023,0.007661233,0.007713594,0.006924733,0.007166564,840479.8669,122397672.5
Kaspa,2/20/2023,2/21/2023,0.00778862,0.007850921,0.007604466,0.00766684,809742.7153,128739335.9
Kaspa,2/19/2023,2/20/2023,0.007760758,0.007873386,0.007573243,0.007792458,946663.4784,129208246.1
Kaspa,2/18/2023,2/19/2023,0.007493799,0.007937803,0.007449783,0.007737563,1112145.836,128771836.7
Kaspa,2/17/2023,2/18/2023,0.006887125,0.007619387,0.006858042,0.007493799,835570.1597,116755826.4
Kaspa,2/16/2023,2/17/2023,0.007162247,0.007391902,0.006853748,0.006856442,1054336.543,104214806.2
Kaspa,2/15/2023,2/16/2023,0.006509534,0.007179783,0.006487983,0.007162247,630644.0181,98738740.85
Kaspa,2/14/2023,2/15/2023,0.006553324,0.006848704,0.006401713,0.006509534,592432.3018,96178421.55
Kaspa,2/13/2023,2/14/2023,0.006534183,0.006538832,0.006297599,0.006538832,540673.9276,93900809.02
Kaspa,2/12/2023,2/13/2023,0.006405342,0.006685114,0.006405342,0.006533861,416135.3711,95635835.24
Kaspa,2/11/2023,2/12/2023,0.006693286,0.00677926,0.006384037,0.006415159,527497.2599,95578923.92
Kaspa,2/10/2023,2/11/2023,0.006531224,0.006767078,0.006311263,0.006737005,1008850.277,95653255.5
Kaspa,2/9/2023,2/10/2023,0.007185732,0.007283353,0.006511945,0.006589235,1121480.204,101226723.1
Kaspa,2/8/2023,2/9/2023,0.007432875,0.007557039,0.007002635,0.007168621,1350909.116,107169861.5
Kaspa,2/7/2023,2/8/2023,0.007110483,0.007571717,0.006918252,0.007432875,1770479.89,106231704.3
Kaspa,2/6/2023,2/7/2023,0.006567593,0.007488642,0.006270935,0.007153359,1820602.858,99537199.61
Kaspa,2/5/2023,2/6/2023,0.005721586,0.006961106,0.005721586,0.006566535,1106319.983,90419903.27
Kaspa,2/4/2023,2/5/2023,0.005616956,0.005894135,0.005514995,0.005762517,555254.8677,83042297.02
Kaspa,2/3/2023,2/4/2023,0.005809346,0.005873315,0.005504924,0.005616956,571790.7718,82918105.76
Kaspa,2/2/2023,2/3/2023,0.005780477,0.006136942,0.005660529,0.005830616,801090.1131,85837306.7
Kaspa,2/1/2023,2/2/2023,0.005420642,0.005839606,0.00518081,0.005744111,570536.9067,79349927.33
Kaspa,1/31/2023,2/1/2023,0.005555872,0.005748323,0.005336686,0.005397839,787911.5866,81966790.45
Kaspa,1/30/2023,1/31/2023,0.005887981,0.005913135,0.005152609,0.005551717,518929.0033,83748464.51
Kaspa,1/29/2023,1/30/2023,0.005707452,0.00597856,0.005609641,0.005899971,538366.1757,85784045.53
Kaspa,1/28/2023,1/29/2023,0.006108619,0.006225559,0.005642918,0.005698119,700449.677,86396212.93
Kaspa,1/27/2023,1/28/2023,0.006192209,0.006272668,0.005946795,0.006156386,566885.5529,89581827.02
Kaspa,1/26/2023,1/27/2023,0.006265887,0.006281965,0.00595506,0.006166817,570432.7942,89408949.77
Kaspa,1/25/2023,1/26/2023,0.005974751,0.006289849,0.005923298,0.00626472,453259.4283,88124200.73
Kaspa,1/24/2023,1/25/2023,0.00649333,0.00649333,0.005939801,0.005956878,642448.6882,90690208.65
Kaspa,1/23/2023,1/24/2023,0.005956771,0.006512341,0.005835074,0.006482422,557289.6561,88841322.89
Kaspa,1/22/2023,1/23/2023,0.006107781,0.006256378,0.005802671,0.005956771,529193.2165,87526340.61
Kaspa,1/21/2023,1/22/2023,0.006404051,0.006492867,0.006112518,0.006112518,525635.0556,93134365
Kaspa,1/20/2023,1/21/2023,0.006210295,0.006459281,0.006076782,0.006402399,535663.7281,90775268.84
Kaspa,1/19/2023,1/20/2023,0.005954577,0.006292476,0.005859139,0.006261604,723774.6606,88850090.64
Kaspa,1/18/2023,1/19/2023,0.006420905,0.006755306,0.005936049,0.005954577,608083.5904,93189832.68
Kaspa,1/17/2023,1/18/2023,0.006675566,0.006747219,0.006349032,0.006417465,767916.2359,95667853.44
Kaspa,1/16/2023,1/17/2023,0.006016149,0.006873314,0.005959826,0.006675566,742158.5798,93375985.39
Kaspa,1/15/2023,1/16/2023,0.006203803,0.006203803,0.005527588,0.006108943,584368.2422,85316546.98
Kaspa,1/14/2023,1/15/2023,0.006019579,0.006486694,0.005892003,0.006200844,911996.9624,89629974.25
Kaspa,1/13/2023,1/14/2023,0.005630772,0.006350009,0.005549385,0.006019579,982907.8407,86689089.99
Kaspa,1/12/2023,1/13/2023,0.004998855,0.005629431,0.004788398,0.005629431,587317.7078,73684777.49
Kaspa,1/11/2023,1/12/2023,0.004637862,0.005031391,0.004586206,0.005031278,320950.332,69095815.09
Kaspa,1/10/2023,1/11/2023,0.004859593,0.004948441,0.004549077,0.004637862,451069.4539,69063148.25
Kaspa,1/9/2023,1/10/2023,0.004835115,0.005041208,0.004683588,0.004859593,652927.1696,71193570.62
Kaspa,1/8/2023,1/9/2023,0.004438143,0.005016949,0.004381791,0.004809328,410630.5718,67035158.96
Kaspa,1/7/2023,1/8/2023,0.004500649,0.004581489,0.004336291,0.004436099,331074.9667,65367096.39
Kaspa,1/6/2023,1/7/2023,0.004532525,0.004791314,0.004453574,0.004500649,401048.1162,66694423.09
Kaspa,1/5/2023,1/6/2023,0.004966967,0.005022626,0.004535365,0.004543576,347123.3371,69751895.8
Kaspa,1/4/2023,1/5/2023,0.004994128,0.005048561,0.004892966,0.004966967,358180.1525,72761452.5
Kaspa,1/3/2023,1/4/2023,0.005170062,0.005208742,0.004859233,0.004987124,347534.8392,73003890.3
Kaspa,1/2/2023,1/3/2023,0.005208227,0.005344049,0.005153489,0.00517668,284512.0489,76742963.28
Kaspa,1/1/2023,1/2/2023,0.005313926,0.005474422,0.005151739,0.005209319,457843.3324,77042138.14
Kaspa,12/31/2022,1/1/2023,0.004863575,0.005393112,0.004817317,0.005313926,801029.9557,74473677.19
Kaspa,12/30/2022,12/31/2022,0.004611765,0.005140921,0.004212406,0.004836556,483865.067,66609773.34
Kaspa,12/29/2022,12/30/2022,0.004761419,0.004920332,0.004539173,0.004603043,383974.5353,68145374.45
Kaspa,12/28/2022,12/29/2022,0.004956675,0.004956675,0.004523964,0.004758323,818153.5611,70011188.54
Kaspa,12/27/2022,12/28/2022,0.005053579,0.005169676,0.004542869,0.004927856,436902.9642,71774246.93
Kaspa,12/26/2022,12/27/2022,0.005332291,0.00536999,0.005015063,0.005074505,266328.2169,75510837.3
Kaspa,12/25/2022,12/26/2022,0.005225781,0.005388094,0.005219375,0.005332291,208742.7251,77563953
Kaspa,12/24/2022,12/25/2022,0.005176777,0.005364549,0.005125005,0.005225781,309511.3516,76448337.33
Kaspa,12/23/2022,12/24/2022,0.005782127,0.00585316,0.00514896,0.005153003,455031.4187,80023352.98
Kaspa,12/22/2022,12/23/2022,0.005566769,0.005795085,0.00549913,0.005795085,547163.2446,82287604.38
Kaspa,12/21/2022,12/22/2022,0.005141251,0.005761188,0.005109537,0.005573472,542988.5553,79524597.74
Kaspa,12/20/2022,12/21/2022,0.005248952,0.005309973,0.004938282,0.005148607,661290.4034,74932283.52
Kaspa,12/19/2022,12/20/2022,0.00555423,0.005735401,0.005094129,0.005220639,545540.9618,79485160.94
Kaspa,12/18/2022,12/19/2022,0.006139234,0.00637783,0.005512305,0.005534303,715947.2872,86567351.68
Kaspa,12/17/2022,12/18/2022,0.005111902,0.006164456,0.004913407,0.006164456,689807.0847,79018966.38
Kaspa,12/16/2022,12/17/2022,0.005672157,0.005959288,0.00510216,0.005111902,815899.1193,80293273.18
Kaspa,12/15/2022,12/16/2022,0.006139796,0.006204836,0.00568855,0.005708996,537200.8254,88408179.58
Kaspa,12/14/2022,12/15/2022,0.006303327,0.006801007,0.006084592,0.00613127,809664.4677,93195817.58
Kaspa,12/13/2022,12/14/2022,0.006918193,0.00698724,0.006005027,0.0062577,608818.551,95350956.29
Kaspa,12/12/2022,12/13/2022,0.007002715,0.007146484,0.006647755,0.006940646,436413.0073,101046404.6
Kaspa,12/11/2022,12/12/2022,0.007208032,0.007310792,0.006950625,0.007002715,391384.2925,104740459
Kaspa,12/10/2022,12/11/2022,0.00736747,0.007714948,0.007164504,0.007208032,602466.555,108856158.3
Kaspa,12/9/2022,12/10/2022,0.007236549,0.007697966,0.007104899,0.007367165,638718.699,106994874.6
Kaspa,12/8/2022,12/9/2022,0.007526101,0.007531502,0.007097917,0.007236549,543290.5531,107395323.9
Kaspa,12/7/2022,12/8/2022,0.007646509,0.007880204,0.007405835,0.007547471,654245.3315,111684987.3
Kaspa,12/6/2022,12/7/2022,0.008047698,0.008259461,0.00741609,0.007685306,943956.0691,114744174.1
Kaspa,12/5/2022,12/6/2022,0.007243514,0.008281608,0.007157151,0.008137244,759225.7437,110276304
Kaspa,12/4/2022,12/5/2022,0.006841586,0.00758686,0.006650797,0.007243514,1164350.161,104681483.8
Kaspa,12/3/2022,12/4/2022,0.007208386,0.007651107,0.006555914,0.006555914,1101992.602,105816881.5
Kaspa,12/2/2022,12/3/2022,0.008362507,0.008362507,0.007124372,0.007349201,1070551.749,116600388.9
Kaspa,12/1/2022,12/2/2022,0.008623634,0.008774802,0.007943773,0.00840642,1193037.323,123046614.3
Kaspa,11/30/2022,12/1/2022,0.008877383,0.009143493,0.008582562,0.008643089,974727.187,129350516.1
Kaspa,11/29/2022,11/30/2022,0.008759732,0.009280417,0.008510335,0.008883935,38404.8818,129852195
Kaspa,11/28/2022,11/29/2022,0.009200163,0.009725655,0.007880064,0.008759732,64033.32834,131204005.7
Kaspa,11/27/2022,11/28/2022,0.008722306,0.009785434,0.008720094,0.009210278,33737.20024,134226752.7
Kaspa,11/26/2022,11/27/2022,0.00891713,0.009443769,0.008459768,0.009057584,53214.97807,131064996.7
Kaspa,11/25/2022,11/26/2022,0.00763324,0.009588547,0.007602044,0.00941576,40459.71681,111252987.9
Kaspa,11/24/2022,11/25/2022,0.007314219,0.007819437,0.00708883,0.00763324,14940.24244,96582903.3
Kaspa,11/23/2022,11/24/2022,0.007300076,0.00793034,0.007075145,0.007314219,24310.36479,97384840.53
Kaspa,11/22/2022,11/23/2022,0.006464663,0.007931122,0.006272494,0.0072686,21753.11263,91536892.78
Kaspa,11/21/2022,11/22/2022,0.007654934,0.007654934,0.006291147,0.00648134,51407.97972,91073109.54
Kaspa,11/20/2022,11/21/2022,0.006686571,0.008595366,0.006681948,0.007808716,26209.12661,97429146.95
Kaspa,11/19/2022,11/20/2022,0.006011891,0.00682376,0.005995355,0.006686571,9188.015759,82882710.09
Kaspa,11/18/2022,11/19/2022,0.006174961,0.006600786,0.005862272,0.006349142,19780.23068,80506607.97
Kaspa,11/17/2022,11/18/2022,0.006493587,0.006769153,0.006160332,0.006174961,23123.03787,83462013.05
Kaspa,11/16/2022,11/17/2022,0.00574658,0.006850019,0.005583333,0.006493587,30216.6866,78468527.99
Kaspa,11/15/2022,11/16/2022,0.006479391,0.007186726,0.005223467,0.006079408,53538.49423,72354344.1
Kaspa,11/14/2022,11/15/2022,0.004572793,0.007230768,0.004484572,0.006483881,26387.78675,0
Kaspa,11/13/2022,11/14/2022,0.003864229,0.00477733,0.003801964,0.004572793,6346.879863,0
Kaspa,11/12/2022,11/13/2022,0.004090059,0.004227126,0.003858153,0.003862218,6887.025136,0
Kaspa,11/11/2022,11/12/2022,0.004047364,0.00472804,0.00394893,0.004111249,20500.90709,0
Kaspa,11/10/2022,11/11/2022,0.003655842,0.004813919,0.003358227,0.004039208,14580.26309,0
Kaspa,11/9/2022,11/10/2022,0.003702874,0.00394055,0.003118265,0.003629479,13409.6712,0
Kaspa,11/8/2022,11/9/2022,0.00391291,0.004353044,0.003429057,0.003702874,10047.72281,0
Kaspa,11/7/2022,11/8/2022,0.00418115,0.004421714,0.003713372,0.003907034,19618.25935,0
Kaspa,11/6/2022,11/7/2022,0.003832213,0.004459592,0.003822451,0.004190109,18835.04555,0
Kaspa,11/5/2022,11/6/2022,0.00423091,0.00449996,0.0034086,0.003831319,33667.11456,0
Kaspa,11/4/2022,11/5/2022,0.003030717,0.004654671,0.003028592,0.004019524,11589.76188,0
Kaspa,11/3/2022,11/4/2022,0.002621295,0.003443894,0.002434567,0.003029758,11727.00681,0
Kaspa,11/2/2022,11/3/2022,0.002662644,0.003065772,0.002446185,0.002621295,10004.86512,0
Kaspa,11/1/2022,11/2/2022,0.001845171,0.002867663,0.001840985,0.002662799,6735.049278,0
Kaspa,10/31/2022,11/1/2022,0.001856353,0.00207994,0.001822903,0.001845914,1368.971209,0
Kaspa,10/30/2022,10/31/2022,0.001664534,0.002083658,0.001642106,0.001855026,1609.383705,0
Kaspa,10/29/2022,10/30/2022,0.001854825,0.002087023,0.001652666,0.001664534,2179.627172,0
Kaspa,10/28/2022,10/29/2022,0.001825541,0.002072284,0.001606196,0.001854825,2711.631894,0
Kaspa,10/27/2022,10/28/2022,0.001869398,0.002084709,0.0016203,0.001826673,4296.979414,0
Kaspa,10/26/2022,10/27/2022,0.00180777,0.002095064,0.00161367,0.001869398,3870.630954,0
Kaspa,10/25/2022,10/26/2022,0.001740464,0.002009591,0.001540708,0.001808025,1856.127702,0
Kaspa,10/24/2022,10/25/2022,0.001760812,0.001937399,0.001535289,0.001740464,1445.263387,0
Kaspa,10/23/2022,10/24/2022,0.001536502,0.001762706,0.001529031,0.00176084,2812.420311,0
Kaspa,10/22/2022,10/23/2022,0.001533287,0.001922311,0.001531309,0.001536502,4508.345964,0
Kaspa,10/21/2022,10/22/2022,0.001523939,0.001726725,0.001317712,0.001533287,3884.970178,0
Kaspa,10/20/2022,10/21/2022,0.001721166,0.001918005,0.001518403,0.001523353,4094.229584,0
Kaspa,10/19/2022,10/20/2022,0.001935217,0.002124763,0.001719363,0.001720722,4347.288743,0
Kaspa,10/18/2022,10/19/2022,0.001954366,0.002360405,0.001918377,0.001935217,3047.009533,0
Kaspa,10/17/2022,10/18/2022,0.002119231,0.002342365,0.001948251,0.001955831,2104.577135,0
Kaspa,10/16/2022,10/17/2022,0.002097475,0.002315944,0.002097475,0.002119231,1245.806302,0
Kaspa,10/15/2022,10/16/2022,0.002109877,0.002303807,0.002092389,0.002096575,3283.777152,0
Kaspa,10/14/2022,10/15/2022,0.001938936,0.002353171,0.001923703,0.002110355,3504.733182,0
Kaspa,10/13/2022,10/14/2022,0.002489992,0.002491284,0.001833594,0.001937706,2480.718866,0
Kaspa,10/12/2022,10/13/2022,0.002285382,0.002494109,0.002098611,0.002489992,2446.423305,0
Kaspa,10/11/2022,10/12/2022,0.002296725,0.002675891,0.002264916,0.002285382,4553.787911,0
Kaspa,10/10/2022,10/11/2022,0.002721059,0.002926045,0.002291679,0.002296909,4855.688635,0
Kaspa,10/9/2022,10/10/2022,0.002328657,0.002925075,0.002320418,0.002721059,4033.477131,0
Kaspa,10/8/2022,10/9/2022,0.002344776,0.002702853,0.002315091,0.002328657,2922.104567,0
Kaspa,10/7/2022,10/8/2022,0.00219342,0.002591531,0.002132414,0.002343674,3367.658067,0
Kaspa,10/6/2022,10/7/2022,0.00262129,0.002633574,0.002015903,0.00219342,7111.905742,0
Kaspa,10/5/2022,10/6/2022,0.00203421,0.002789096,0.001982299,0.002619686,5579.704342,0
Kaspa,10/4/2022,10/5/2022,0.002158879,0.002786922,0.0020053,0.00203421,7868.108091,0
Kaspa,10/3/2022,10/4/2022,0.002664434,0.003071899,0.002127972,0.002156579,6159.172973,0
Kaspa,10/2/2022,10/3/2022,0.003089372,0.003283925,0.002653499,0.002664434,5097.346177,0
Kaspa,10/1/2022,10/2/2022,0.003105607,0.003492761,0.00290702,0.003089372,7472.004375,0
Kaspa,9/30/2022,10/1/2022,0.002740619,0.003158788,0.002707146,0.003111838,14205.15491,0
Kaspa,9/29/2022,9/30/2022,0.003880714,0.003901071,0.002720474,0.002740619,9420.188522,0
Kaspa,9/28/2022,9/29/2022,0.004204722,0.004218613,0.003534562,0.003881826,20134.60193,0
Kaspa,9/27/2022,9/28/2022,0.004808246,0.005059351,0.003805756,0.004204722,28641.2712,0
Kaspa,9/26/2022,9/27/2022,0.003572395,0.004986902,0.003564117,0.004808246,14766.33579,0
Kaspa,9/25/2022,9/26/2022,0.003787808,0.004013268,0.003561355,0.003763716,8381.308682,0
Kaspa,9/24/2022,9/25/2022,0.004052926,0.004411012,0.003772589,0.003787808,8700.952773,0
Kaspa,9/23/2022,9/24/2022,0.004269132,0.004642476,0.003956485,0.004044333,8461.155107,0
Kaspa,9/22/2022,9/23/2022,0.004446246,0.004627261,0.004143699,0.004269502,641498.9768,56052625.62
Kaspa,9/21/2022,9/22/2022,0.004388378,0.004508835,0.00411753,0.004445409,1050171.312,55481668.77
Kaspa,9/20/2022,9/21/2022,0.004292261,0.004629557,0.0042864,0.004388378,1066145.47,57175197.17
Kaspa,9/19/2022,9/20/2022,0.004777543,0.004777543,0.004150053,0.004292261,1121893.654,56164115.07
Kaspa,9/18/2022,9/19/2022,0.004891864,0.004891864,0.004492274,0.004777543,1213835.376,59398231.15
Kaspa,9/17/2022,9/18/2022,0.004196724,0.004900218,0.003960812,0.004891864,1138078.209,54025243.76
Kaspa,9/16/2022,9/17/2022,0.003749447,0.004276521,0.003442455,0.004196724,995581.6307,49340666.53
Kaspa,9/15/2022,9/16/2022,0.003976841,0.004076143,0.003647151,0.003749447,972854.2453,48713714.72
Kaspa,9/14/2022,9/15/2022,0.003911171,0.004130444,0.003504825,0.003976841,948961.3235,47086257.79
Kaspa,9/13/2022,9/14/2022,0.004045948,0.004045948,0.003580026,0.003911171,971009.5589,48026663.52
Kaspa,9/12/2022,9/13/2022,0.004438972,0.00447908,0.003978732,0.004045948,1014046.735,53355098.78
Kaspa,9/11/2022,9/12/2022,0.004598829,0.00469983,0.004369751,0.004438972,1108104.007,55791275.63
Kaspa,9/10/2022,9/11/2022,0.004807054,0.004807054,0.004203063,0.004598829,1266461.584,55588457.38
Kaspa,9/9/2022,9/10/2022,0.004197868,0.004909679,0.004076048,0.004807054,1507429.172,55903725.53
Kaspa,9/8/2022,9/9/2022,0.003455259,0.004415179,0.003204038,0.004197868,1127851.281,44699941.96
Kaspa,9/7/2022,9/8/2022,0.002800158,0.003455259,0.002668388,0.003455259,693346.9395,34612846.62
Kaspa,9/6/2022,9/7/2022,0.00273798,0.002831716,0.002643338,0.002800158,675943.0818,33752532.09
Kaspa,9/5/2022,9/6/2022,0.002814374,0.002814374,0.00259982,0.00273798,634032.1704,33090175.26
Kaspa,9/4/2022,9/5/2022,0.002681663,0.002814374,0.002534194,0.002814374,632598.1451,32562156.19
Kaspa,9/3/2022,9/4/2022,0.002739499,0.002739499,0.002576141,0.002681663,653004.186,32265572.46
Kaspa,9/2/2022,9/3/2022,0.002935315,0.002953371,0.002531808,0.002739499,694116.7027,34216719.39
Kaspa,9/1/2022,9/2/2022,0.002693552,0.00295151,0.002600475,0.002935315,635728.4126,33618447.87
Kaspa,8/31/2022,9/1/2022,0.002904119,0.002904119,0.002626516,0.002693552,681712.9517,33361190.21
Kaspa,8/30/2022,8/31/2022,0.002587299,0.002904119,0.002560617,0.002904119,612433.3295,32219929.54
Kaspa,8/29/2022,8/30/2022,0.002326268,0.002776905,0.002326268,0.002587299,620212.0339,31546535.16
Kaspa,8/28/2022,8/29/2022,0.002740352,0.002751082,0.002326268,0.002326268,628417.3597,30865433.72
Kaspa,8/27/2022,8/28/2022,0.002547848,0.00280973,0.002327348,0.002740352,654151.8433,30476110.06
Kaspa,8/26/2022,8/27/2022,0.003130146,0.003130146,0.002547848,0.002547848,694542.6302,34003360.88
Kaspa,8/25/2022,8/26/2022,0.003464741,0.003464741,0.002965272,0.003130146,847045.887,38155697.54
Kaspa,8/24/2022,8/25/2022,0.002902371,0.003600388,0.002788022,0.003464741,822022.1319,36819717.52
Kaspa,8/23/2022,8/24/2022,0.002445455,0.003060314,0.002422793,0.002902371,683155.5237,31760629.13
Kaspa,8/22/2022,8/23/2022,0.002416545,0.002904321,0.002300891,0.002445455,597533.6225,29405234.97
Kaspa,8/21/2022,8/22/2022,0.002197745,0.00247415,0.001991038,0.002416545,569041.1359,26043200.54
Kaspa,8/20/2022,8/21/2022,0.002405706,0.002701061,0.001788176,0.002197745,635344.53,25064242.46
Kaspa,8/19/2022,8/20/2022,0.00320842,0.00351319,0.002001295,0.002405706,911828.6344,33072767.87
Kaspa,8/18/2022,8/19/2022,0.002998551,0.003732151,0.002901901,0.00320842,985354.9957,38325369.76
Kaspa,8/17/2022,8/18/2022,0.002433123,0.003153981,0.002202682,0.002998551,693485.4807,28647696.78
Kaspa,8/16/2022,8/17/2022,0.001391874,0.002433123,0.001391874,0.002433123,551911.812,22158525.79
Kaspa,8/15/2022,8/16/2022,0.001304917,0.001463456,0.001223834,0.001391874,434951.7577,15971374.27
Kaspa,8/14/2022,8/15/2022,0.001138329,0.001442252,0.001088172,0.001304917,324536.1303,14218161.03
Kaspa,8/13/2022,8/14/2022,0.000949911,0.001190016,0.000900163,0.001138329,300361.658,11891077.44
Kaspa,8/12/2022,8/13/2022,0.000760165,0.000949911,0.000730801,0.000949911,180392.4649,8912569.616
Kaspa,8/11/2022,8/12/2022,0.000694705,0.000764522,0.000673714,0.000760165,168256.1718,8029522.289
Kaspa,8/10/2022,8/11/2022,0.000649215,0.000746566,0.000641271,0.000694705,160148.6131,7873323.58
Kaspa,8/9/2022,8/10/2022,0.000673601,0.000730814,0.000636245,0.000649215,160921.5899,7788309.338
Kaspa,8/8/2022,8/9/2022,0.000599612,0.000673601,0.000598517,0.000673601,157443.514,7210445.58
Kaspa,8/7/2022,8/8/2022,0.000610408,0.000643285,0.000515974,0.000599612,141315.0793,0
Kaspa,8/6/2022,8/7/2022,0.000694597,0.000694597,0.000601432,0.000610408,140078.0623,0
Kaspa,8/5/2022,8/6/2022,0.000614417,0.000700041,0.000610188,0.000694597,149442.9971,0
Kaspa,8/4/2022,8/5/2022,0.000705015,0.000706322,0.000614417,0.000614417,149948.509,0
Kaspa,8/3/2022,8/4/2022,0.000800081,0.000800081,0.000615164,0.000705015,180375.8087,0
Kaspa,8/2/2022,8/3/2022,0.00071977,0.00083896,0.00071977,0.000800081,244678.6735,0
Kaspa,8/1/2022,8/2/2022,0.000870946,0.000972748,0.000450849,0.00071977,271554.2449,0
Kaspa,7/31/2022,8/1/2022,0.000675995,0.000870946,0.000621603,0.000870946,222766.5068,0
Kaspa,7/30/2022,7/31/2022,0.000530755,0.000699106,0.000438229,0.000675995,170425.3057,0
Kaspa,7/29/2022,7/30/2022,0.000395989,0.000530755,0.000355335,0.000530755,136332.9801,0
Kaspa,7/28/2022,7/29/2022,0.000283733,0.000395989,0.000253843,0.000395989,83045.55568,0
Kaspa,7/27/2022,7/28/2022,0.000261095,0.000340578,0.000241915,0.000283733,66377.69462,0
Kaspa,7/26/2022,7/27/2022,0.000230289,0.000369113,0.000224671,0.000261095,57397.63182,0
Kaspa,7/25/2022,7/26/2022,0.000238973,0.000241658,0.000216124,0.000230289,49641.62481,0
Kaspa,7/24/2022,7/25/2022,0.000221706,0.000240195,0.000211978,0.000238973,49999.93999,0
Kaspa,7/23/2022,7/24/2022,0.000235072,0.000240644,0.000216753,0.000221706,50621.23531,0
Kaspa,7/22/2022,7/23/2022,0.0002094,0.00023981,0.000209389,0.000235072,45742.00963,0
Kaspa,7/21/2022,7/22/2022,0.000209605,0.000236997,0.000206526,0.0002094,48555.66595,0
Kaspa,7/20/2022,7/21/2022,0.000221008,0.000236676,0.000208413,0.000209605,48139.34458,0
Kaspa,7/19/2022,7/20/2022,0.00024246,0.000243152,0.000221008,0.000221008,48369.7071,0
Kaspa,7/18/2022,7/19/2022,0.000243519,0.000246698,0.00022582,0.00024246,52218.46138,0
Kaspa,7/17/2022,7/18/2022,0.000233241,0.000243519,0.000224247,0.000243519,50943.92233,0
Kaspa,7/16/2022,7/17/2022,0.000250532,0.000257694,0.000230376,0.000233241,56108.21701,0
Kaspa,7/15/2022,7/16/2022,0.00024384,0.000260483,0.000220071,0.000250532,53425.99536,0
Kaspa,7/14/2022,7/15/2022,0.00023104,0.000258935,0.000222468,0.00024384,50925.92768,0
Kaspa,7/13/2022,7/14/2022,0.000244591,0.000250303,0.00023104,0.00023104,51586.94487,0
Kaspa,7/12/2022,7/13/2022,0.000239345,0.000260855,0.000231518,0.000244591,52938.7663,0
Kaspa,7/11/2022,7/12/2022,0.000239762,0.000240169,0.000199856,0.000239345,51076.35028,0
Kaspa,7/10/2022,7/11/2022,0.000235726,0.000249613,0.00022219,0.000239762,52696.94243,0
Kaspa,7/9/2022,7/10/2022,0.00024909,0.000263854,0.000221903,0.000235726,51246.05761,0
Kaspa,7/8/2022,7/9/2022,0.000274932,0.00027992,0.00023856,0.00024909,54990.06111,0
Kaspa,7/7/2022,7/8/2022,0.000280099,0.000280099,0.000254035,0.000274932,57873.13488,0
Kaspa,7/6/2022,7/7/2022,0.000269292,0.000283288,0.000262089,0.000280099,63044.69545,0
Kaspa,7/5/2022,7/6/2022,0.000286504,0.000299394,0.000234656,0.000269292,65831.9358,0
Kaspa,7/4/2022,7/5/2022,0.00030007,0.000325352,0.000263077,0.000286504,67711.52052,0
Kaspa,7/3/2022,7/4/2022,0.000307451,0.00032035,0.000285669,0.00030007,65564.86747,0
Kaspa,7/2/2022,7/3/2022,0.000335922,0.000341577,0.000307451,0.000307451,70265.72748,0
Kaspa,7/1/2022,7/2/2022,0.000331919,0.000364476,0.000319616,0.000335922,74094.75718,0
Kaspa,6/30/2022,7/1/2022,0.000414594,0.000414594,0.00031293,0.000331919,78742.71725,0
Kaspa,6/29/2022,6/30/2022,0.000360479,0.000414594,0.000354359,0.000414594,82673.40316,0
Kaspa,6/28/2022,6/29/2022,0.000354285,0.000374449,0.000348809,0.000360479,77349.97262,0
Kaspa,6/27/2022,6/28/2022,0.000367617,0.000385121,0.000352044,0.000354285,82105.1806,0
Kaspa,6/26/2022,6/27/2022,0.000352018,0.000370351,0.000344332,0.000367617,77364.855,0
Kaspa,6/25/2022,6/26/2022,0.000383561,0.000383561,0.000345247,0.000352018,78577.51997,0
Kaspa,6/24/2022,6/25/2022,0.00037254,0.000383561,0.000330513,0.000383561,75582.18172,0
Kaspa,6/23/2022,6/24/2022,0.000365442,0.000389317,0.000346533,0.00037254,77989.94921,0
Kaspa,6/22/2022,6/23/2022,0.000449789,0.000449789,0.000342308,0.000365442,88558.0482,0
Kaspa,6/21/2022,6/22/2022,0.00037156,0.000600404,0.00037156,0.000449789,106333.7426,0
Kaspa,6/20/2022,6/21/2022,0.000316737,0.000379242,0.00028409,0.00037156,71535.49212,0
Kaspa,6/19/2022,6/20/2022,0.000330113,0.000338639,0.000282877,0.000316737,66835.70686,0
Kaspa,6/18/2022,6/19/2022,0.00035683,0.000368817,0.000289682,0.000330113,77432.56846,0
Kaspa,6/17/2022,6/18/2022,0.00042055,0.00042055,0.000325586,0.00035683,79839.96972,0
Kaspa,6/16/2022,6/17/2022,0.000390154,0.000424791,0.00036411,0.00042055,85532.58516,0
Kaspa,6/15/2022,6/16/2022,0.000313503,0.000431307,0.000313503,0.000390154,91508.60882,0
Kaspa,6/14/2022,6/15/2022,0.000388033,0.000392034,0.000310836,0.000313503,83940.89521,0
Kaspa,6/13/2022,6/14/2022,0.000432899,0.000477397,0.000388033,0.000388033,91794.96511,0
Kaspa,6/12/2022,6/13/2022,0.000483807,0.000485178,0.000424884,0.000432899,97574.263,0
Kaspa,6/11/2022,6/12/2022,0.000491213,0.000519462,0.000448544,0.000483807,115357.7718,0
Kaspa,6/10/2022,6/11/2022,0.000558356,0.000559701,0.000491213,0.000491213,131831.1815,0
Kaspa,6/9/2022,6/10/2022,0.00049955,0.000558356,0.000439586,0.000558356,130875.7313,0
Kaspa,6/8/2022,6/9/2022,0.000440479,0.000543976,0.000420199,0.00049955,99739.96838,0
Kaspa,6/7/2022,6/8/2022,0.000399981,0.000448014,0.000380121,0.000440479,92315.86929,0
Kaspa,6/6/2022,6/7/2022,0.00049983,0.00049983,0.000351923,0.000399981,98673.26364,0
Kaspa,6/5/2022,6/6/2022,0.000557296,0.000559465,0.000475185,0.00049983,123410.3839,0
Kaspa,6/4/2022,6/5/2022,0.0005899,0.00061575,0.000465504,0.000557296,152491.6019,0
Kaspa,6/3/2022,6/4/2022,0.000400248,0.00074921,0.000400248,0.0005899,134906.6177,0
Kaspa,6/2/2022,6/3/2022,0.000184024,0.000500246,0.000183544,0.000400248,52911.33448,0
Kaspa,6/1/2022,6/2/2022,0.000188598,0.000189089,0.000180054,0.000184024,40922.8207,0
Kaspa,5/31/2022,6/1/2022,0.000189084,0.000189257,0.00018757,0.000188598,40249.18063,0
Kaspa,5/30/2022,5/31/2022,0.000173163,0.000193997,0.000173163,0.000189084,37972.13574,0
Kaspa,5/29/2022,5/30/2022,0.00020179,0.000201895,0.000173163,0.000173163,43957.21073,0
Kaspa,5/28/2022,5/29/2022,0.000201911,0.000202315,0.000198179,0.00020179,41004.44737,0
Kaspa,5/27/2022,5/28/2022,0.000181109,0.000205497,0.000177847,0.000201911,11153.07384,0
Kaspa,5/26/2022,5/27/2022,0.000200222,0.00020785,0.00017105,0.000181109,5728.162322,0
Kaspa,5/25/2022,5/26/2022,0.000230104,0.000230117,0.000184348,0.000200222,9580.755756,0
Kaspa,5/24/2022,5/25/2022,0.000230104,0.000230104,0.000230104,0.000230104,10889.53629,0
